City_ID,City,Country,Date,Lat,Lng,Max Temp,Humidity,Cloudiness,Wind Speed
0,Norman Wells,CA,2021-09-24 07:16:51,65.282,-126.8329,39.24,75,40,10.36
1,Port Alfred,ZA,2021-09-24 07:18:11,-33.5906,26.891,65.62,62,99,12.73
2,Ushuaia,AR,2021-09-24 07:16:45,-54.8,-68.3,44.26,76,75,13.8
3,Baykit,RU,2021-09-24 07:18:19,61.67,96.37,38.7,77,100,6.29
4,Chumikan,RU,2021-09-24 07:20:40,54.7183,135.315,61.81,43,3,15.46
5,Mildura,AU,2021-09-24 07:20:40,-34.2,142.15,73.36,28,40,16.11
6,Cape Town,ZA,2021-09-24 07:14:32,-33.9258,18.4232,61.88,83,75,3.0
7,Coruripe,BR,2021-09-24 07:20:41,-10.1256,-36.1756,74.8,87,88,10.22
8,Castro,BR,2021-09-24 07:17:22,-24.7911,-50.0119,47.66,93,94,2.98
9,Esperance,AU,2021-09-24 07:17:51,-33.8667,121.9,57.15,59,81,11.72
10,Labuhan,ID,2021-09-24 07:20:42,-6.8844,112.2051,84.38,65,77,12.93
11,Butaritari,KI,2021-09-24 07:17:06,3.0707,172.7902,83.28,75,3,16.62
12,Albany,US,2021-09-24 07:15:57,42.6001,-73.9662,64.38,95,100,1.74
13,Quatre Cocos,MU,2021-09-24 07:20:43,-20.2078,57.7625,77.11,72,50,17.43
14,Sakakah,SA,2021-09-24 07:20:43,29.9697,40.2064,81.97,35,0,7.7
15,Cowra,AU,2021-09-24 07:20:43,-33.8333,148.6833,67.26,51,51,11.23
16,Georgetown,MY,2021-09-24 07:17:45,5.4112,100.3354,89.89,68,20,1.01
17,Puerto Ayora,EC,2021-09-24 07:17:25,-0.7393,-90.3518,68.76,89,95,7.94
18,Sao Filipe,CV,2021-09-24 07:18:25,14.8961,-24.4956,78.03,76,100,8.19
19,Punta Arenas,CL,2021-09-24 07:16:44,-53.15,-70.9167,43.5,83,100,13.56
20,Bredasdorp,ZA,2021-09-24 07:17:04,-34.5322,20.0403,63.28,63,100,6.91
21,Port Elizabeth,ZA,2021-09-24 07:17:56,-33.918,25.5701,68.09,59,0,4.61
22,Monrovia,LR,2021-09-24 07:20:45,6.3005,-10.7969,74.32,96,100,7.54
23,Ramon Castilla,PE,2021-09-24 07:20:45,-4.2569,-69.9594,75.45,100,0,0.0
24,Mangaluru,IN,2021-09-24 07:20:46,12.8667,74.8833,88.66,62,40,5.75
25,Saint-Philippe,RE,2021-09-24 07:17:48,-21.3585,55.7679,78.35,81,39,12.19
26,Padang,ID,2021-09-24 07:20:46,-0.9492,100.3543,86.05,75,100,5.14
27,Rikitea,PF,2021-09-24 07:16:54,-23.1203,-134.9692,73.89,77,100,19.77
28,Hilo,US,2021-09-24 07:16:12,19.7297,-155.09,73.8,83,1,5.75
29,Bluff,NZ,2021-09-24 07:16:51,-46.6,168.3333,50.81,71,100,9.55
30,Vredendal,ZA,2021-09-24 07:20:47,-31.6683,18.5012,60.04,78,38,1.23
31,Katsuura,JP,2021-09-24 07:19:08,35.1333,140.3,82.51,68,24,10.87
32,Busselton,AU,2021-09-24 07:16:47,-33.65,115.3333,64.09,45,1,8.75
33,Hermanus,ZA,2021-09-24 07:16:56,-34.4187,19.2345,63.81,77,93,8.41
34,Onalaska,US,2021-09-24 07:20:48,43.8844,-91.2351,55.45,93,1,5.75
35,Vestmanna,FO,2021-09-24 07:18:33,62.1564,-7.1664,49.12,93,75,32.21
36,Yellowknife,CA,2021-09-24 07:17:17,62.456,-114.3525,43.32,100,90,6.91
37,Kapaa,US,2021-09-24 07:16:57,22.0752,-159.319,79.12,76,75,5.01
38,Awbari,LY,2021-09-24 07:19:29,26.5921,12.7805,85.28,14,6,4.29
39,Tasiilaq,GL,2021-09-24 07:17:51,65.6145,-37.6368,33.96,76,100,5.41
40,Mataura,NZ,2021-09-24 07:16:54,-46.1927,168.8643,50.49,70,100,2.8
41,Celestun,MX,2021-09-24 07:20:50,20.8667,-90.4,77.11,87,100,4.63
42,Hobart,AU,2021-09-24 07:17:28,-42.8794,147.3294,42.66,82,75,4.0
43,Montepuez,MZ,2021-09-24 07:20:51,-13.1256,38.9997,77.49,51,3,6.87
44,Kahului,US,2021-09-24 07:17:35,20.8947,-156.47,77.02,82,1,13.8
45,Thompson,CA,2021-09-24 07:15:07,55.7435,-97.8558,45.39,89,100,11.52
46,Lompoc,US,2021-09-24 07:20:51,34.6391,-120.4579,57.52,95,90,0.0
47,Micheweni,TZ,2021-09-24 07:20:52,-4.9667,39.8333,80.76,65,11,10.89
48,Rabo De Peixe,PT,2021-09-24 07:20:52,37.8,-25.5833,63.91,82,20,6.91
49,Waingapu,ID,2021-09-24 07:20:53,-9.6567,120.2641,86.47,51,16,12.24
50,Vaini,TO,2021-09-24 07:17:10,-21.2,-175.2,71.76,100,90,5.75
51,Chapais,CA,2021-09-24 07:20:53,49.7834,-74.8492,55.18,98,100,12.28
52,Nikolskoye,RU,2021-09-24 07:18:15,59.7035,30.7861,46.29,71,100,10.16
53,Jamestown,US,2021-09-24 07:13:43,42.097,-79.2353,54.07,82,90,8.01
54,East London,ZA,2021-09-24 07:16:48,-33.0153,27.9116,68.94,56,0,8.05
55,Lavrentiya,RU,2021-09-24 07:19:06,65.5833,-171.0,32.43,79,99,10.45
56,Mentakab,MY,2021-09-24 07:20:54,3.4865,102.3516,95.07,43,82,1.81
57,Disraeli,CA,2021-09-24 07:20:55,45.9001,-71.3491,69.28,83,28,3.0
58,Ponta Do Sol,PT,2021-09-24 07:17:46,32.6667,-17.1,68.72,62,21,3.85
59,Swan River,CA,2021-09-24 07:20:56,52.1058,-101.2676,46.29,49,96,9.22
60,Upata,VE,2021-09-24 07:20:56,8.0086,-62.3989,71.2,90,28,3.0
61,Bambous Virieux,MU,2021-09-24 07:18:41,-20.3428,57.7575,77.25,73,40,13.8
62,Ngong,KE,2021-09-24 07:20:57,-1.3618,36.6566,63.79,65,100,5.97
63,Leningradskiy,RU,2021-09-24 07:20:58,69.3833,178.4167,25.36,92,99,14.81
64,Mananjary,MG,2021-09-24 07:20:58,-21.2167,48.3333,75.65,62,23,4.03
65,Stendal,DE,2021-09-24 07:20:58,52.6,11.85,57.34,59,92,13.82
66,Poum,NC,2021-09-24 07:18:17,-20.2333,164.0167,71.17,63,100,7.47
67,Cosmopolis,BR,2021-09-24 07:20:59,-22.6458,-47.1961,58.08,78,11,2.71
68,New Norfolk,AU,2021-09-24 07:16:45,-42.7826,147.0587,42.3,71,17,4.0
69,Agadez,NE,2021-09-24 07:20:59,19.75,10.25,83.52,12,6,13.0
70,Bethel,US,2021-09-24 07:12:36,41.3712,-73.414,73.08,95,90,0.0
71,Mar Del Plata,AR,2021-09-24 07:16:46,-38.0023,-57.5575,41.02,100,1,0.0
72,Ketchikan,US,2021-09-24 07:21:00,55.3422,-131.6461,55.38,98,100,10.38
73,Hithadhoo,MV,2021-09-24 07:17:23,-0.6,73.0833,78.46,80,100,13.09
74,Cabo San Lucas,MX,2021-09-24 07:17:07,22.8909,-109.9124,81.61,80,13,5.01
75,Saldanha,ZA,2021-09-24 07:18:12,-33.0117,17.9442,55.45,84,8,1.32
76,Bontang,ID,2021-09-24 07:19:27,0.1333,117.5,85.05,70,30,4.36
77,Bonfim,BR,2021-09-24 07:21:02,3.0833,-59.95,76.1,82,100,3.13
78,Walvis Bay,NA,2021-09-24 07:21:02,-22.9575,14.5053,52.75,100,90,9.22
79,Severo-Kurilsk,RU,2021-09-24 07:17:42,50.6789,156.125,48.79,94,100,23.11
80,Atuona,PF,2021-09-24 07:16:50,-9.8,-139.0333,78.1,73,66,19.84
81,Airai,TL,2021-09-24 07:17:40,-8.9266,125.4092,71.67,52,100,2.15
82,Torbay,CA,2021-09-24 07:15:07,47.6666,-52.7314,51.28,93,100,3.0
83,Inhambane,MZ,2021-09-24 07:18:50,-23.865,35.3833,76.98,53,20,5.75
84,Kupang,ID,2021-09-24 07:21:03,-10.1667,123.5833,86.58,54,20,5.75
85,Barrow,US,2021-09-24 07:17:50,71.2906,-156.7887,30.22,86,90,0.0
86,Plettenberg Bay,ZA,2021-09-24 07:21:04,-34.0527,23.3716,63.57,58,64,5.53
87,Krasnoselkup,RU,2021-09-24 07:21:04,65.7,82.4667,41.34,59,21,17.47
88,Tura,IN,2021-09-24 07:21:05,25.5198,90.2201,89.1,59,12,3.47
89,Najran,SA,2021-09-24 07:21:05,17.4924,44.1277,92.05,13,75,3.85
90,Santa Isabel Do Rio Negro,BR,2021-09-24 07:19:31,-0.4139,-65.0192,71.17,98,100,0.94
91,Maningrida,AU,2021-09-24 07:21:06,-12.0667,134.2667,83.23,57,5,13.49
92,Hami,CN,2021-09-24 07:21:06,42.8,93.45,81.07,12,6,1.48
93,Atasu,KZ,2021-09-24 07:16:36,48.6814,71.6433,52.05,28,0,12.28
94,Alice Springs,AU,2021-09-24 07:18:36,-23.7,133.8833,81.95,7,0,9.22
95,New Albany,US,2021-09-24 07:21:07,38.2856,-85.8241,53.46,88,1,0.0
96,Anadyr,RU,2021-09-24 07:21:07,64.75,177.4833,28.9,93,75,6.71
97,Pakdasht,IR,2021-09-24 07:21:08,35.4752,51.6807,87.8,10,0,2.37
98,Sebeta,ET,2021-09-24 07:21:08,8.9167,38.6167,64.44,70,40,4.34
99,Tezu,IN,2021-09-24 07:21:08,27.9167,96.1667,94.03,46,9,3.65
100,Noumea,NC,2021-09-24 07:21:09,-22.2763,166.4572,67.98,66,100,15.37
101,Dolores,AR,2021-09-24 07:21:09,-36.3132,-57.6792,48.27,95,4,2.06
102,Klaksvik,FO,2021-09-24 07:21:09,62.2266,-6.589,50.92,84,99,34.52
103,Chokurdakh,RU,2021-09-24 07:17:05,70.6333,147.9167,33.4,98,100,7.7
104,Ribeira Grande,PT,2021-09-24 07:17:14,38.5167,-28.7,68.4,77,40,6.91
105,Petropavl,KZ,2021-09-24 07:21:10,54.8753,69.1628,49.98,53,40,8.95
106,Allentown,US,2021-09-24 07:18:57,40.6084,-75.4902,59.81,92,40,0.0
107,Lanxi,CN,2021-09-24 07:21:11,29.2195,119.477,89.35,47,62,7.9
108,Port Augusta,AU,2021-09-24 07:18:00,-32.5,137.7667,70.7,62,5,22.64
109,Iqaluit,CA,2021-09-24 07:18:17,63.7506,-68.5145,29.93,93,90,14.97
110,Privolzhsk,RU,2021-09-24 07:21:12,57.3808,41.2886,47.71,92,100,10.42
111,Umm Lajj,SA,2021-09-24 07:21:12,25.0213,37.2685,88.61,47,0,9.73
112,Udachnyy,RU,2021-09-24 07:18:20,66.4167,112.4,43.18,61,100,3.49
113,Provideniya,RU,2021-09-24 07:17:21,64.3833,-173.3,33.6,98,100,15.28
114,Killarney,IE,2021-09-24 07:21:13,52.05,-9.5167,60.85,100,90,8.05
115,Isangel,VU,2021-09-24 07:16:48,-19.55,169.2667,70.07,73,100,12.39
116,Grindavik,IS,2021-09-24 07:17:26,63.8424,-22.4338,41.47,87,75,6.91
117,Presidencia Roque Saenz Pena,AR,2021-09-24 07:21:14,-26.7852,-60.4388,55.89,73,0,5.01
118,Bua Yai,TH,2021-09-24 07:21:14,15.5855,102.4259,76.44,90,100,3.74
119,Zlobin,HR,2021-09-24 07:18:02,45.2924,14.6541,54.16,86,0,4.61
120,Svetlaya,RU,2021-09-24 07:21:15,46.5389,138.3297,58.05,66,5,6.58
121,Tiksi,RU,2021-09-24 07:16:58,71.6872,128.8694,36.25,87,100,19.26
122,Arraial Do Cabo,BR,2021-09-24 07:17:02,-22.9661,-42.0278,66.96,64,73,14.9
123,Payo,ID,2021-09-24 07:21:16,-3.7508,103.6372,92.08,46,65,5.86
124,Constitucion,CL,2021-09-24 07:18:06,-35.3333,-72.4167,53.78,71,0,5.59
125,Qaanaaq,GL,2021-09-24 07:16:53,77.484,-69.3632,15.4,62,99,6.02
126,Tuktoyaktuk,CA,2021-09-24 07:17:08,69.4541,-133.0374,32.45,76,100,10.0
127,Laerdalsoyri,NO,2021-09-24 07:21:17,61.098,7.4816,44.94,100,75,4.61
128,Buraydah,SA,2021-09-24 07:18:11,26.326,43.975,93.65,12,0,9.24
129,Bathsheba,BB,2021-09-24 07:21:17,13.2167,-59.5167,83.01,78,40,10.36
130,Nouadhibou,MR,2021-09-24 07:21:18,20.931,-17.0347,67.98,94,20,12.66
131,Dikson,RU,2021-09-24 07:17:39,73.5069,80.5464,34.81,75,29,10.92
132,Ixtapa,MX,2021-09-24 07:21:18,20.7,-105.2,76.23,95,9,4.32
133,Bereznik,RU,2021-09-24 07:21:20,62.8551,42.7072,46.89,91,100,10.67
134,Praya,CV,2021-09-24 07:21:20,14.9215,-23.5087,77.54,78,40,10.36
135,Sorrento,IT,2021-09-24 07:21:20,40.626,14.3744,74.66,34,0,2.3
136,Loreto,MX,2021-09-24 07:21:21,22.2667,-101.9667,60.01,73,26,3.42
137,Bengkulu,ID,2021-09-24 07:16:44,-3.8004,102.2655,85.08,68,18,7.38
138,Ust-Kut,RU,2021-09-24 07:21:21,56.7938,105.7672,55.02,42,100,4.34
139,Paamiut,GL,2021-09-24 07:18:49,61.994,-49.6678,31.53,60,9,19.75
140,Guerrero Negro,MX,2021-09-24 07:17:17,27.9769,-114.0611,72.1,81,100,10.54
141,Fortuna,US,2021-09-24 07:17:16,40.5982,-124.1573,53.94,50,19,3.51
142,Kampot,KH,2021-09-24 07:17:54,10.6167,104.1833,82.45,76,99,8.75
143,Muroran,JP,2021-09-24 07:21:23,42.3172,140.9881,64.65,56,88,1.57
144,Hopewell,US,2021-09-24 07:21:23,37.3043,-77.2872,59.95,93,0,5.12
145,Bolobo,CD,2021-09-24 07:21:23,-2.1667,16.2333,77.49,69,99,1.57
146,Saint-Pierre,RE,2021-09-24 07:19:18,-21.3393,55.4781,78.44,69,0,23.02
147,Agutaya,PH,2021-09-24 07:21:24,11.148,120.9417,83.75,77,39,16.78
148,Choya,RU,2021-09-24 07:21:24,52.0108,86.5467,40.82,88,100,6.2
149,Cidreira,BR,2021-09-24 07:17:20,-30.1811,-50.2056,60.75,94,100,5.82
150,Atambua,ID,2021-09-24 07:21:25,-9.1061,124.8925,82.53,50,86,2.98
151,Vao,NC,2021-09-24 07:19:15,-22.6667,167.4833,68.72,62,100,16.02
152,Tanout,NE,2021-09-24 07:21:25,14.9709,8.8879,83.41,47,90,5.77
153,Novobirilyussy,RU,2021-09-24 07:21:26,56.9514,90.6661,42.48,66,100,7.36
154,Mantua,IT,2021-09-24 07:19:04,45.1667,10.7833,65.44,85,0,1.99
155,Chicama,PE,2021-09-24 07:19:16,-7.8447,-79.1469,63.52,86,23,5.01
156,Billings,US,2021-09-24 07:21:27,45.7833,-108.5007,58.77,50,20,8.05
157,Muros,ES,2021-09-24 07:21:27,42.7762,-9.0603,64.99,83,100,8.99
158,Comodoro Rivadavia,AR,2021-09-24 07:21:27,-45.8667,-67.5,60.66,44,0,5.75
159,Finnsnes,NO,2021-09-24 07:21:28,69.2296,17.9811,42.76,95,100,4.27
160,Manggar,ID,2021-09-24 07:21:28,-2.8833,108.2667,85.23,66,21,8.99
161,Noshiro,JP,2021-09-24 07:21:29,40.2039,140.0242,68.94,77,42,9.44
162,San Blas,MX,2021-09-24 07:21:29,21.5167,-105.2667,79.79,84,56,3.74
163,Tungor,RU,2021-09-24 07:21:29,53.3808,142.9564,52.34,69,5,8.61
164,Mehriz,IR,2021-09-24 07:21:30,31.5917,54.4318,90.1,9,0,8.84
165,Thunder Bay,CA,2021-09-24 07:21:13,48.4001,-89.3168,46.29,100,1,4.61
166,Birganj,NP,2021-09-24 07:21:31,27.0104,84.8774,91.0,59,46,5.84
167,Hualmay,PE,2021-09-24 07:19:25,-11.0964,-77.6139,61.5,85,39,6.35
168,Saskylakh,RU,2021-09-24 07:17:38,71.9167,114.0833,34.5,89,100,6.96
169,Dingle,PH,2021-09-24 07:21:31,10.9995,122.6711,86.92,72,96,10.4
170,Gunjur,GM,2021-09-24 07:21:32,13.2019,-16.7339,73.47,100,75,0.0
171,Beringovskiy,RU,2021-09-24 07:18:33,63.05,179.3167,34.02,94,98,25.9
172,Alofi,NU,2021-09-24 07:16:50,-19.0595,-169.9187,67.89,88,5,1.14
173,Taoudenni,ML,2021-09-24 07:18:17,22.6783,-3.9836,90.36,16,30,1.83
174,Namibe,AO,2021-09-24 07:19:32,-15.1961,12.1522,69.46,82,8,1.07
175,Upernavik,GL,2021-09-24 07:16:50,72.7868,-56.1549,27.59,90,100,8.19
176,Tilichiki,RU,2021-09-24 07:17:11,60.4667,166.1,39.54,66,9,12.17
177,Turia,RO,2021-09-24 07:21:34,46.0333,26.05,50.49,67,100,5.32
178,Harnosand,SE,2021-09-24 07:21:34,62.6323,17.9379,46.99,88,100,10.94
179,Inverness,GB,2021-09-24 07:19:26,57.4791,-4.224,61.99,83,20,5.01
180,Kruisfontein,ZA,2021-09-24 07:17:52,-34.0033,24.7314,65.88,46,99,8.59
181,Longyearbyen,SJ,2021-09-24 07:17:29,78.2186,15.6401,42.64,81,75,10.36
182,Do Gonbadan,IR,2021-09-24 07:21:36,30.3586,50.7981,95.09,13,0,0.0
183,Kajiado,KE,2021-09-24 07:21:36,-1.8524,36.7768,65.12,70,99,7.27
184,Mayumba,GA,2021-09-24 07:17:19,-3.432,10.6554,76.12,84,99,3.06
185,Kalianget,ID,2021-09-24 07:21:37,-7.05,113.9333,83.28,68,100,10.58
186,Codrington,AU,2021-09-24 07:19:33,-38.2667,141.9667,49.68,75,100,22.79
187,Kyra,RU,2021-09-24 07:21:37,49.5776,111.9753,53.17,71,100,7.76
188,Cocorit,MX,2021-09-24 07:19:09,27.5833,-109.9667,82.27,68,4,3.58
189,Beatrice,US,2021-09-24 07:18:43,40.2681,-96.747,66.0,63,1,8.05
190,Yar-Sale,RU,2021-09-24 07:21:38,66.8333,70.8333,42.31,78,100,8.46
191,Chuy,UY,2021-09-24 07:18:07,-33.6971,-53.4616,53.83,96,21,7.96
192,Portland,US,2021-09-24 07:15:23,45.5234,-122.6762,63.52,83,1,1.01
193,Fiche,ET,2021-09-24 07:21:39,9.8,38.7333,58.1,71,22,4.43
194,Praia,CV,2021-09-24 07:21:39,14.9215,-23.5087,77.54,78,40,10.36
195,Mahebourg,MU,2021-09-24 07:16:49,-20.4081,57.7,77.29,73,40,13.8
196,Chalmette,US,2021-09-24 07:18:58,29.9427,-89.9634,71.58,71,1,1.99
197,Havoysund,NO,2021-09-24 07:21:40,70.9963,24.6622,47.28,72,16,24.27
198,Wageningen,NL,2021-09-24 07:18:23,51.9667,5.6667,62.85,93,90,8.05
199,Kincardine,GB,2021-09-24 07:21:41,56.0667,-3.7167,61.99,95,100,13.27
200,Port Macquarie,AU,2021-09-24 07:21:41,-31.4333,152.9167,71.56,59,3,7.18
201,Kalininsk,RU,2021-09-24 07:21:42,51.5,44.4758,51.89,64,100,1.43
202,Fare,PF,2021-09-24 07:21:42,-16.7,-151.0167,77.25,72,3,10.89
203,Pontianak,ID,2021-09-24 07:21:42,-0.0333,109.3333,91.38,58,75,4.61
204,San Cristobal,VE,2021-09-24 07:15:59,7.7669,-72.225,65.26,94,100,2.71
205,Bathurst,AU,2021-09-24 07:21:43,-33.4166,149.5806,66.72,43,35,1.01
206,San Policarpo,PH,2021-09-24 07:21:43,12.1791,125.5072,85.51,72,96,10.36
207,Quelimane,MZ,2021-09-24 07:21:44,-17.8786,36.8883,76.95,65,40,2.3
208,Tsumeb,NA,2021-09-24 07:21:44,-19.2333,17.7167,78.35,16,0,10.76
209,Rocha,UY,2021-09-24 07:14:48,-34.4833,-54.3333,50.95,97,32,3.22
210,Kodiak,US,2021-09-24 07:17:13,57.79,-152.4072,40.8,68,0,20.89
211,Savinka,RU,2021-09-24 07:21:45,50.0785,47.0994,50.38,91,100,5.91
212,Carnarvon,AU,2021-09-24 07:21:45,-24.8667,113.6333,77.07,57,0,18.41
213,San Felipe,VE,2021-09-24 07:17:13,10.3399,-68.7425,71.67,91,93,4.25
214,Delijan,IR,2021-09-24 07:21:46,33.9905,50.6838,82.15,8,0,4.63
215,Khowai,IN,2021-09-24 07:21:46,24.1,91.6333,92.98,57,13,4.21
216,Khor,RU,2021-09-24 07:21:47,47.8861,134.9464,62.83,45,30,4.68
217,Bonavista,CA,2021-09-24 07:21:47,48.6499,-53.1147,51.12,78,100,18.75
218,Nuqui,CO,2021-09-24 07:21:48,5.7125,-77.2708,75.94,90,100,1.83
219,Touros,BR,2021-09-24 07:17:39,-5.1989,-35.4608,74.3,82,69,13.2
220,Mazatlan,MX,2021-09-24 07:18:27,23.2167,-106.4167,76.96,94,90,10.36
221,Marsabit,KE,2021-09-24 07:21:48,2.3284,37.9899,70.97,51,48,20.0
222,Peace River,CA,2021-09-24 07:21:49,56.2501,-117.286,46.65,65,75,5.75
223,Cairns,AU,2021-09-24 07:21:49,-16.9167,145.7667,77.11,65,75,12.66
224,Springbok,ZA,2021-09-24 07:19:18,-29.6643,17.8865,62.04,23,1,2.82
225,Kautokeino,NO,2021-09-24 07:21:50,69.0125,23.0412,39.24,97,100,16.62
226,Saint-Joseph,RE,2021-09-24 07:17:30,-21.3667,55.6167,77.36,76,19,12.64
227,Aklavik,CA,2021-09-24 07:21:50,68.2191,-135.0107,31.03,90,100,3.83
228,Suining,CN,2021-09-24 07:21:51,30.508,105.5733,84.99,69,99,8.63
229,Contamana,PE,2021-09-24 07:21:51,-7.3333,-75.0167,71.28,85,96,1.57
230,Shimoda,JP,2021-09-24 07:21:51,34.6667,138.95,80.96,73,23,7.02
231,Bonthe,SL,2021-09-24 07:21:52,7.5264,-12.505,76.59,88,81,6.24
232,Ancud,CL,2021-09-24 07:18:38,-41.8697,-73.8203,51.42,88,81,5.41
233,Victoria,HK,2021-09-24 07:18:14,22.2855,114.1577,91.96,78,23,1.99
234,Hofn,IS,2021-09-24 07:16:53,64.2539,-15.2082,41.38,76,100,11.9
235,Caiaponia,BR,2021-09-24 07:21:53,-16.9567,-51.8103,76.66,33,5,9.26
236,Lagoa,PT,2021-09-24 07:17:15,39.05,-27.9833,68.16,72,100,12.82
237,North Bend,US,2021-09-24 07:15:15,43.4065,-124.2243,56.91,95,1,5.75
238,Angoram,PG,2021-09-24 07:17:24,-4.0625,144.0661,84.69,72,46,5.26
239,Crawfordsville,US,2021-09-24 07:21:54,40.0411,-86.8745,48.29,87,1,0.0
240,Kathmandu,NP,2021-09-24 07:20:22,27.7167,85.3167,82.62,57,75,3.44
241,Maracaibo,VE,2021-09-24 07:21:54,10.6317,-71.6406,79.14,88,100,5.3
242,Mayor Pablo Lagerenza,PY,2021-09-24 07:17:19,-19.9309,-60.7718,67.82,52,100,6.6
243,Verbivka,UA,2021-09-24 07:21:55,49.4167,35.5333,51.91,61,100,14.34
244,Khatanga,RU,2021-09-24 07:17:58,71.9667,102.5,37.51,77,98,2.26
245,Ruteng,ID,2021-09-24 07:21:55,-8.6136,120.4721,68.81,81,98,1.36
246,Sidney,AU,2021-09-24 07:18:11,-33.8679,151.2073,78.1,30,0,1.99
247,Wajima,JP,2021-09-24 07:21:56,37.4,136.9,72.28,73,75,9.22
248,Fairbanks,US,2021-09-24 07:20:31,64.8378,-147.7164,37.6,69,90,1.01
249,Byron Bay,AU,2021-09-24 07:20:16,-28.65,153.6167,82.51,58,3,17.47
250,Fuling,CN,2021-09-24 07:21:57,29.7022,107.3919,92.97,48,45,6.6
251,Havre-Saint-Pierre,CA,2021-09-24 07:21:57,50.2334,-63.5986,50.36,76,90,10.36
252,Souillac,MU,2021-09-24 07:21:58,-20.5167,57.5167,77.38,73,40,13.8
253,Los Llanos De Aridane,ES,2021-09-24 07:21:59,28.6585,-17.9182,69.55,83,40,5.75
254,Tuatapere,NZ,2021-09-24 07:17:25,-46.1333,167.6833,50.83,90,82,7.92
255,Hamilton,US,2021-09-24 07:15:07,39.1834,-84.5333,51.24,90,90,0.0
256,Thiers,FR,2021-09-24 07:21:59,45.8333,3.5,55.72,80,0,1.83
257,Soe,ID,2021-09-24 07:22:00,-9.8607,124.284,79.41,45,99,8.72
258,Kavieng,PG,2021-09-24 07:16:57,-2.5744,150.7967,83.8,72,100,12.15
259,Omaruru,NA,2021-09-24 07:22:00,-21.4333,15.9333,80.4,8,0,6.82
260,Kaitangata,NZ,2021-09-24 07:17:36,-46.2817,169.8464,48.96,79,96,8.57
261,Broome,US,2021-09-24 07:18:29,42.2506,-75.833,52.18,78,1,4.0
262,Korcula,HR,2021-09-24 07:22:01,42.9622,17.1369,55.96,54,5,4.05
263,Dickinson,US,2021-09-24 07:18:20,29.4608,-95.0513,73.94,80,1,0.0
264,Ostrovnoy,RU,2021-09-24 07:19:01,68.0531,39.5131,46.06,78,92,14.05
265,Darnah,LY,2021-09-24 07:22:02,32.767,22.6367,73.08,59,7,15.99
266,Mandalgovi,MN,2021-09-24 07:22:02,45.7625,106.2708,65.71,41,0,13.4
267,Takoradi,GH,2021-09-24 07:22:03,4.8845,-1.7554,76.59,89,85,6.73
268,Shakawe,BW,2021-09-24 07:22:03,-18.3667,21.85,81.64,24,0,10.04
269,Bisho,ZA,2021-09-24 07:22:04,-32.8472,27.4422,63.23,37,42,5.68
270,Marfino,RU,2021-09-24 07:22:04,55.7028,37.3822,48.34,81,75,8.95
271,Taltal,CL,2021-09-24 07:22:04,-25.4,-70.4833,56.16,81,22,2.66
272,Khartoum,SD,2021-09-24 07:17:26,15.5518,32.5324,82.02,75,100,1.99
273,Wieliczka,PL,2021-09-24 07:22:05,49.9874,20.0647,55.15,75,100,16.8
274,Keti Bandar,PK,2021-09-24 07:22:05,24.1447,67.4497,90.23,62,13,7.18
275,Benjamin Aceval,PY,2021-09-24 07:22:06,-24.9667,-57.5667,66.34,77,7,5.7
276,Sungaipenuh,ID,2021-09-24 07:22:06,-2.0833,101.3833,75.67,80,66,1.3
277,Korla,CN,2021-09-24 07:22:07,41.7597,86.1469,80.11,20,0,11.16
278,Waddan,LY,2021-09-24 07:22:07,29.1614,16.139,76.03,67,0,10.31
279,Husavik,IS,2021-09-24 07:17:56,66.0449,-17.3389,37.31,97,100,12.06
280,Lorengau,PG,2021-09-24 07:18:54,-2.0226,147.2712,83.91,71,88,10.56
281,Ilhabela,BR,2021-09-24 07:17:54,-23.7781,-45.3581,63.18,82,39,7.2
282,Belaya Gora,RU,2021-09-24 07:22:08,68.5333,146.4167,38.32,83,97,6.89
283,Kyren,RU,2021-09-24 07:22:08,51.6828,102.1408,56.3,55,51,4.16
284,Nyuksenitsa,RU,2021-09-24 07:22:09,60.4128,44.2397,47.41,94,100,11.61
285,Christchurch,NZ,2021-09-24 07:17:23,-43.5333,172.6333,57.4,61,0,1.01
286,Avarua,CK,2021-09-24 07:17:09,-21.2078,-159.775,71.65,68,75,3.44
287,Manono,CD,2021-09-24 07:22:10,-7.3,27.4167,81.55,57,100,2.01
288,Kandrian,PG,2021-09-24 07:22:10,-6.2167,149.55,81.09,82,23,9.86
289,Pizarro,CO,2021-09-24 07:22:10,4.9533,-77.366,75.33,90,96,2.33
290,Zharkent,KZ,2021-09-24 07:22:11,44.1628,80.0,75.56,11,0,24.67
291,Vestmannaeyjar,IS,2021-09-24 07:22:11,63.4427,-20.2734,44.02,73,96,14.67
292,Launceston,AU,2021-09-24 07:22:12,-41.45,147.1667,49.64,54,43,8.99
293,Nemuro,JP,2021-09-24 07:19:22,43.3236,145.575,57.63,68,4,13.04
294,Aitape,PG,2021-09-24 07:22:12,-3.1374,142.3475,82.29,82,85,7.16
295,Melfi,IT,2021-09-24 07:22:13,40.9965,15.6514,62.4,32,10,3.22
296,Mattawa,US,2021-09-24 07:22:13,46.7379,-119.9028,60.12,55,6,4.23
297,Kharp,RU,2021-09-24 07:22:14,66.8014,65.8081,44.47,53,8,1.79
298,Avera,US,2021-09-24 07:18:51,33.194,-82.5271,57.7,72,0,6.31
299,Meulaboh,ID,2021-09-24 07:19:16,4.1363,96.1285,85.98,66,100,5.64
300,Rosetta,EG,2021-09-24 07:21:19,31.4044,30.4164,75.36,54,24,17.67
301,Panjakent,TJ,2021-09-24 07:22:15,39.4952,67.6093,78.6,14,0,7.56
302,Dayong,CN,2021-09-24 07:22:15,25.0209,118.2898,91.08,62,91,7.94
303,Ulaangom,MN,2021-09-24 07:22:16,49.9811,92.0667,53.38,36,77,7.99
304,Roros,NO,2021-09-24 07:22:16,62.5747,11.3842,35.44,93,75,2.3
305,Muroto,JP,2021-09-24 07:19:28,33.2833,134.15,78.84,62,100,11.65
306,Barra Do Garcas,BR,2021-09-24 07:14:21,-15.89,-52.2567,85.01,27,95,8.9
307,Grojec,PL,2021-09-24 07:22:17,51.8625,20.8676,56.48,77,100,20.96
308,Riyadh,SA,2021-09-24 07:15:23,24.6877,46.7219,95.14,13,12,9.06
309,Goure,NE,2021-09-24 07:22:17,13.9835,10.2704,84.02,54,100,4.9
310,Madimba,TZ,2021-09-24 07:22:18,-10.4,40.3333,82.96,57,60,12.15
311,Estreito,BR,2021-09-24 07:22:18,-5.7833,-43.25,73.44,81,48,2.57
312,Tabas,IR,2021-09-24 07:22:19,33.5959,56.9244,94.48,8,0,4.76
313,Port Hardy,CA,2021-09-24 07:18:36,50.6996,-127.4199,51.8,100,75,0.0
314,Praia Da Vitoria,PT,2021-09-24 07:17:35,38.7333,-27.0667,66.76,88,40,6.91
315,Naze,JP,2021-09-24 07:17:23,28.3667,129.4833,83.32,58,0,11.18
316,Nattam,IN,2021-09-24 07:22:20,10.2333,78.2333,93.65,45,100,4.76
317,Basco,PH,2021-09-24 07:22:21,20.4487,121.9702,84.6,75,8,19.1
318,Sigli,ID,2021-09-24 07:22:21,5.3848,95.9609,87.3,64,14,8.23
319,Ilulissat,GL,2021-09-24 07:22:22,69.2167,-51.1,24.82,68,40,2.3
320,Hasaki,JP,2021-09-24 07:17:48,35.7333,140.8333,79.2,65,82,10.16
321,Vernon,CA,2021-09-24 07:21:14,50.2581,-119.2691,58.14,64,6,6.91
322,Barra Do Bugres,BR,2021-09-24 07:22:22,-15.0725,-57.1811,78.91,43,23,4.43
323,Cherskiy,RU,2021-09-24 07:19:11,68.75,161.3,28.78,74,100,4.47
324,Panuco,MX,2021-09-24 07:22:23,22.05,-98.1667,75.04,80,83,2.04
325,Talnakh,RU,2021-09-24 07:16:43,69.4865,88.3972,40.06,60,1,2.24
326,Sandviken,SE,2021-09-24 07:18:14,60.6167,16.7667,47.43,87,100,9.91
327,Alta Floresta,BR,2021-09-24 07:22:24,-9.8756,-56.0861,78.19,51,96,3.42
328,Faanui,PF,2021-09-24 07:17:05,-16.4833,-151.75,77.25,71,16,10.4
329,Wenatchee,US,2021-09-24 07:21:53,47.4235,-120.3103,62.38,50,1,4.61
330,Tateyama,JP,2021-09-24 07:17:44,34.9833,139.8667,82.42,68,46,11.27
331,Emerald,AU,2021-09-24 07:22:25,-23.5333,148.1667,81.55,22,2,5.99
332,Beira,MZ,2021-09-24 07:22:26,-19.8436,34.8389,75.29,73,40,5.75
333,Abingdon,GB,2021-09-24 07:22:26,51.6711,-1.2828,57.76,93,75,5.75
334,Gigmoto,PH,2021-09-24 07:22:26,13.7796,124.39,85.21,74,74,10.13
335,Cabedelo,BR,2021-09-24 07:22:27,-6.9811,-34.8339,75.87,84,9,9.17
336,Zhirnovsk,RU,2021-09-24 07:22:27,50.9845,44.7735,52.48,70,100,3.91
337,Bada,RU,2021-09-24 07:22:28,51.392,109.8717,59.49,45,100,5.37
338,Malindi,KE,2021-09-24 07:22:28,-3.2175,40.1191,84.36,70,75,18.41
339,Lata,PT,2021-09-24 07:22:28,40.1629,-8.3327,59.36,95,12,4.0
340,Margate,GB,2021-09-24 07:18:19,51.3813,1.3862,58.71,88,78,1.01
341,Musoma,TZ,2021-09-24 07:22:29,-1.5,33.8,77.14,50,99,5.82
342,Auki,SB,2021-09-24 07:22:29,-8.7676,160.7034,80.76,76,93,0.81
343,Cockburn Town,TC,2021-09-24 07:17:13,21.4612,-71.1419,82.31,74,100,6.11
344,Paris,FR,2021-09-24 07:20:04,48.8534,2.3488,60.22,94,75,1.01
345,Santa Maria,BR,2021-09-24 07:19:12,-29.6842,-53.8069,51.78,97,33,2.59
346,Port Hawkesbury,CA,2021-09-24 07:22:30,45.6169,-61.3485,61.59,95,1,1.01
347,Salamiyah,SY,2021-09-24 07:22:31,35.0113,37.0532,74.8,45,5,23.8
348,Broken Hill,AU,2021-09-24 07:22:31,-31.95,141.4333,77.18,13,0,19.77
349,Pevek,RU,2021-09-24 07:16:52,69.7008,170.3133,28.53,81,100,13.02
350,Kamyshin,RU,2021-09-24 07:22:32,50.0983,45.416,51.04,81,100,6.82
351,Labuan,MY,2021-09-24 07:22:32,5.2767,115.2417,87.96,70,20,6.91
352,Sinnamary,GF,2021-09-24 07:22:33,5.3833,-52.95,78.82,87,72,8.21
353,Geraldton,AU,2021-09-24 07:22:33,-28.7667,114.6,75.61,46,1,24.16
354,Lewistown,US,2021-09-24 07:22:33,40.5992,-77.5714,52.9,97,75,0.0
355,Budogoshch,RU,2021-09-24 07:22:34,59.2816,32.4707,48.24,67,100,11.05
356,Stubbekobing,DK,2021-09-24 07:22:34,54.8887,12.041,56.05,71,100,22.17
357,Salekhard,RU,2021-09-24 07:22:35,66.53,66.6019,43.41,57,3,1.14
358,Craig,US,2021-09-24 07:22:35,40.5153,-107.5464,54.54,70,1,3.44
359,Poros,GR,2021-09-24 07:19:50,37.4994,23.4536,71.73,41,7,3.65
360,Languyan,PH,2021-09-24 07:22:36,5.2618,120.0807,84.74,69,98,8.97
361,Ribas Do Rio Pardo,BR,2021-09-24 07:22:36,-20.4431,-53.7592,71.49,43,87,4.65
362,Lebu,CL,2021-09-24 07:17:49,-37.6167,-73.65,49.89,86,5,7.7
363,Aden,YE,2021-09-24 07:22:37,12.7794,45.0367,88.18,72,87,5.95
364,Ahipara,NZ,2021-09-24 07:22:37,-35.1667,173.1667,55.31,82,14,10.6
365,Vanavara,RU,2021-09-24 07:22:38,60.34,102.2797,43.92,42,81,2.13
366,Solnechnyy,RU,2021-09-24 07:22:38,50.7214,136.6319,61.07,41,0,2.71
367,San Patricio,US,2021-09-24 07:17:00,28.017,-97.5169,75.81,57,0,5.97
368,Ntungamo,UG,2021-09-24 07:22:38,-0.8833,29.65,76.89,59,100,0.96
369,Bam,IR,2021-09-24 07:22:06,29.106,58.357,95.52,12,5,8.63
370,Terrak,NO,2021-09-24 07:22:39,65.087,12.3715,46.27,80,100,5.14
371,Sept-Iles,CA,2021-09-24 07:17:00,50.2001,-66.3821,52.05,86,90,4.0
372,Constantine,DZ,2021-09-24 07:22:40,36.365,6.6147,78.21,41,75,9.22
373,Kidal,ML,2021-09-24 07:17:28,18.4411,1.4078,88.84,33,75,8.21
374,Brae,GB,2021-09-24 07:22:41,60.3964,-1.353,53.51,93,100,27.22
375,Saint-Georges,GD,2021-09-24 07:22:41,12.0564,-61.7485,82.08,83,20,10.36
376,Xinqing,CN,2021-09-24 07:22:42,48.2333,129.5,64.26,42,99,1.57
377,Birao,CF,2021-09-24 07:22:42,10.2849,22.7882,77.29,87,100,6.38
378,Roald,NO,2021-09-24 07:17:34,62.5833,6.1333,48.9,87,75,16.11
379,Champerico,GT,2021-09-24 07:22:43,14.3,-91.9167,81.72,87,91,6.62
380,Mehamn,NO,2021-09-24 07:18:09,71.0357,27.8492,46.58,80,100,21.72
381,Chipata,ZM,2021-09-24 07:22:43,-13.6333,32.65,75.25,42,0,7.65
382,Opuwo,NA,2021-09-24 07:21:21,-18.0607,13.84,82.33,10,5,9.98
383,Kutum,SD,2021-09-24 07:22:44,14.2,24.6667,81.81,19,77,16.64
384,Zhigalovo,RU,2021-09-24 07:22:44,54.8097,105.1578,47.7,75,100,4.74
385,Ughelli,NG,2021-09-24 07:22:44,5.4899,6.0074,79.14,84,86,1.9
386,Zhigansk,RU,2021-09-24 07:17:53,66.7697,123.3711,43.52,58,100,13.65
387,Savelugu,GH,2021-09-24 07:22:45,9.6244,-0.8253,75.78,88,100,1.68
388,Bilma,NE,2021-09-24 07:18:52,18.6853,12.9164,85.78,12,7,9.46
389,Cruzeiro Do Oeste,BR,2021-09-24 07:22:46,-23.785,-53.0733,64.38,49,58,5.03
390,Bria,CF,2021-09-24 07:22:46,6.5423,21.9863,67.66,98,100,5.48
391,Port-Gentil,GA,2021-09-24 07:18:15,-0.7193,8.7815,76.96,94,90,6.91
392,Dharchula,IN,2021-09-24 07:22:47,29.85,80.5333,82.36,61,81,6.51
393,Suluq,LY,2021-09-24 07:22:47,31.6682,20.2521,75.49,51,0,12.35
394,Irituia,BR,2021-09-24 07:22:47,-1.7711,-47.4381,71.17,98,43,2.59
395,Amot,NO,2021-09-24 07:22:48,59.5714,7.9877,42.82,78,100,3.42
396,Muli,MV,2021-09-24 07:19:12,2.9167,73.5667,82.47,77,89,11.68
397,Mabaruma,GY,2021-09-24 07:22:48,8.2,-59.7833,74.21,96,11,2.46
398,Whitehorse,CA,2021-09-24 07:22:49,60.7161,-135.0538,45.37,76,75,18.41
399,Samarai,PG,2021-09-24 07:22:49,-10.6167,150.6667,78.12,88,76,14.72
400,Cay,TR,2021-09-24 07:22:50,38.5917,31.0286,47.75,65,39,5.06
401,Aswan,EG,2021-09-24 07:22:50,24.0934,32.907,91.89,23,0,13.49
402,Oudtshoorn,ZA,2021-09-24 07:22:50,-33.5907,22.2014,61.16,60,100,1.86
403,Sambava,MG,2021-09-24 07:19:02,-14.2667,50.1667,77.56,58,0,14.79
404,Save,BJ,2021-09-24 07:22:52,8.0425,2.486,75.09,92,58,3.53
405,Port Blair,IN,2021-09-24 07:19:21,11.6667,92.75,84.94,71,96,13.53
406,Westport,US,2021-09-24 07:22:41,41.1415,-73.3579,71.8,95,90,4.0
407,Acapulco,MX,2021-09-24 07:19:22,16.8634,-99.8901,78.85,86,46,3.89
408,Limenaria,GR,2021-09-24 07:22:53,40.6261,24.5786,64.94,54,62,1.79
409,Chirongui,YT,2021-09-24 07:22:54,-12.9319,45.1483,84.13,71,0,8.48
410,Yulara,AU,2021-09-24 07:17:16,-25.2406,130.9889,84.04,6,11,10.36
411,Datia,IN,2021-09-24 07:22:54,25.6667,78.4667,85.8,68,80,8.79
412,Marawi,PH,2021-09-24 07:22:55,7.9986,124.2928,76.64,74,90,6.38
413,Sao Francisco De Paula,BR,2021-09-24 07:22:55,-29.4481,-50.5836,54.48,99,100,2.73
414,Tsybli,UA,2021-09-24 07:22:55,49.9948,31.5628,48.33,92,100,23.71
415,Luena,AO,2021-09-24 07:22:56,-11.7833,19.9167,77.79,19,58,4.85
416,Mount Isa,AU,2021-09-24 07:17:58,-20.7333,139.5,89.37,10,0,5.75
417,Salalah,OM,2021-09-24 07:22:56,17.0151,54.0924,87.89,66,40,11.5
418,Kalevala,RU,2021-09-24 07:22:57,65.2,31.1667,43.81,93,100,9.17
419,Natalinsk,RU,2021-09-24 07:22:57,56.4739,57.8698,53.01,54,100,5.68
420,Wladyslawowo,PL,2021-09-24 07:22:58,54.7909,18.4009,56.93,78,100,27.98
421,Nome,US,2021-09-24 07:17:33,64.5011,-165.4064,32.07,74,75,4.61
422,Evensk,RU,2021-09-24 07:22:58,61.95,159.2333,42.44,81,84,3.47
423,Rio Cauto,CU,2021-09-24 07:22:59,20.5603,-76.9161,76.26,92,93,3.38
424,Lakes Entrance,AU,2021-09-24 07:22:59,-37.8811,147.981,62.58,78,32,15.93
425,Pedro Ii,BR,2021-09-24 07:23:00,-4.4247,-41.4586,69.08,76,54,3.94
426,Clyde River,CA,2021-09-24 07:17:28,70.4692,-68.5914,27.32,69,39,6.29
427,Xichang,CN,2021-09-24 07:23:00,27.8964,102.2634,81.52,53,5,7.27
428,Monaragala,LK,2021-09-24 07:23:01,6.8714,81.3487,94.23,46,100,2.48
429,Eureka,US,2021-09-24 07:18:40,40.8021,-124.1637,54.21,64,32,2.77
430,Hvide Sande,DK,2021-09-24 07:23:01,56.0045,8.1294,57.99,76,0,13.8
431,Obo,CF,2021-09-24 07:23:02,5.3998,26.4869,73.78,84,100,6.08
432,Aginskoye,RU,2021-09-24 07:23:02,51.1,114.53,57.69,53,25,9.71
433,Nicoya,CR,2021-09-24 07:23:03,10.1483,-85.452,73.71,95,100,3.47
434,Big Rapids,US,2021-09-24 07:19:13,43.6981,-85.4837,51.03,93,90,5.75
435,Nadym,RU,2021-09-24 07:23:03,65.5333,72.5167,39.07,81,100,9.48
436,Lake City,US,2021-09-24 07:23:04,30.1897,-82.6393,65.95,88,40,0.0
437,Santa Cruz,BO,2021-09-24 07:23:04,-17.8,-63.1667,72.86,46,0,16.11
438,Tergnier,FR,2021-09-24 07:23:04,49.6561,3.3011,60.49,94,100,6.15
439,Charters Towers,AU,2021-09-24 07:23:05,-20.1,146.2667,81.52,30,3,13.65
440,Saint-Augustin,CA,2021-09-24 07:23:05,51.226,-58.6502,42.87,86,94,4.52
441,Xam Nua,LA,2021-09-24 07:23:06,20.4197,104.0439,68.52,99,100,2.44
442,Grand Gaube,MU,2021-09-24 07:18:04,-20.0064,57.6608,77.4,68,5,11.01
443,Nanortalik,GL,2021-09-24 07:17:03,60.1432,-45.2371,34.39,68,2,17.78
444,Kasongo,CD,2021-09-24 07:23:06,-4.45,26.6667,78.1,64,89,2.59
445,San Rafael,AR,2021-09-24 07:23:07,-34.6177,-68.3301,56.89,43,0,3.0
446,Murashi,RU,2021-09-24 07:23:07,59.3999,48.9615,45.16,93,100,11.12
447,Estelle,US,2021-09-24 07:23:08,29.8458,-90.1067,70.99,72,1,4.61
448,Buin,CL,2021-09-24 07:23:08,-33.7333,-70.75,48.24,28,0,3.65
449,Lebork,PL,2021-09-24 07:23:08,54.5392,17.7501,56.91,83,96,19.3
450,Bireun,ID,2021-09-24 07:23:09,5.203,96.7009,86.63,65,30,9.64
451,Lao Cai,VN,2021-09-24 07:23:09,22.4833,103.95,88.72,61,53,4.23
452,Muhlhausen,DE,2021-09-24 07:23:10,51.2167,10.45,59.56,86,100,10.49
453,Pondicherry,IN,2021-09-24 07:23:10,11.93,79.83,89.6,57,52,8.81
454,Abalak,RU,2021-09-24 07:23:11,58.1286,68.5944,49.66,62,100,9.33
455,Grenfell,AU,2021-09-24 07:23:11,-33.9,148.1667,64.45,53,5,11.07
456,At-Bashi,KG,2021-09-24 07:23:11,41.1702,75.8106,65.43,18,0,7.54
457,Luan,CH,2021-09-24 07:23:12,46.3592,6.9759,56.05,87,0,2.68
458,Katobu,ID,2021-09-24 07:23:12,-4.9408,122.5276,84.79,60,89,2.75
459,Ilihan,PH,2021-09-24 07:23:13,13.6256,121.0753,84.09,71,76,12.46
460,Tessalit,ML,2021-09-24 07:23:14,20.1986,1.0114,88.48,11,6,9.4
461,Chardara,KZ,2021-09-24 07:23:14,41.2547,67.9692,79.83,20,0,4.54
462,Flinders,AU,2021-09-24 07:17:58,-34.5833,150.8552,78.21,43,0,9.66
463,Shar,KZ,2021-09-24 07:23:15,49.5886,81.0453,45.16,46,100,13.35
464,Chimbote,PE,2021-09-24 07:19:24,-9.0853,-78.5783,61.81,88,77,5.66
465,Upington,ZA,2021-09-24 07:17:45,-28.4478,21.2561,66.58,26,0,3.44
466,Acari,PE,2021-09-24 07:18:35,-15.4311,-74.6158,64.29,78,43,1.36
467,Mazagao,BR,2021-09-24 07:23:16,-0.115,-51.2894,78.85,94,81,4.14
468,Goderich,CA,2021-09-24 07:23:16,43.7501,-81.7165,56.91,87,100,18.41
469,Mitsamiouli,KM,2021-09-24 07:23:16,-11.3847,43.2844,84.49,54,40,13.8
470,Baturaja,ID,2021-09-24 07:23:17,-4.1333,104.1667,86.79,64,88,3.18
471,Laurel,US,2021-09-24 07:23:17,39.0993,-76.8483,58.64,93,1,0.0
472,Banjar,ID,2021-09-24 07:23:18,-8.19,114.9675,84.06,80,77,4.16
473,Beloha,MG,2021-09-24 07:23:18,-25.1667,45.05,82.4,37,0,10.45
474,Viedma,AR,2021-09-24 07:23:18,-40.8135,-62.9967,50.23,85,100,9.22
475,Olafsvik,IS,2021-09-24 07:23:19,64.8945,-23.7142,40.08,92,100,21.74
476,Aasiaat,GL,2021-09-24 07:23:19,68.7098,-52.8699,15.49,97,83,6.58
477,Bertoua,CM,2021-09-24 07:23:20,4.5833,13.6833,68.54,98,100,2.15
478,Sulina,RO,2021-09-24 07:23:20,45.1559,29.6536,58.86,55,100,17.34
479,Ann Arbor,US,2021-09-24 07:23:20,42.2776,-83.7409,51.19,93,20,1.99
480,Tallahassee,US,2021-09-24 07:23:21,30.4383,-84.2807,65.64,89,1,4.61
481,Baie-Comeau,CA,2021-09-24 07:22:02,49.2168,-68.1489,54.1,94,90,17.27
482,Isla Aguada,MX,2021-09-24 07:23:21,18.7833,-91.4667,80.87,77,100,5.35
483,Homer,US,2021-09-24 07:23:22,59.6425,-151.5483,44.47,87,90,3.44
484,Visaginas,LT,2021-09-24 07:23:22,55.6,26.4167,48.27,92,100,12.28
485,Dwarka,IN,2021-09-24 07:23:22,22.2394,68.9678,84.15,73,9,10.42
486,Casper,US,2021-09-24 07:23:23,42.8666,-106.3131,54.5,56,20,0.0
487,Port Lincoln,AU,2021-09-24 07:20:42,-34.7333,135.8667,56.14,61,50,18.05
488,Panama City,PA,2021-09-24 07:18:37,8.9936,-79.5197,77.16,91,90,2.3
489,Maypangdan,PH,2021-09-24 07:23:24,11.6519,125.4503,85.8,72,100,10.29
490,Karpathos,GR,2021-09-24 07:23:24,35.507,27.2132,71.56,49,0,31.07
491,Puri,IN,2021-09-24 07:23:25,19.8,85.85,91.92,72,100,8.97
492,Portsmouth,GB,2021-09-24 07:23:25,50.799,-1.0913,59.11,86,4,5.01
493,Loukhi,RU,2021-09-24 07:23:25,66.0764,33.0381,44.96,90,100,9.31
494,Aketi,CD,2021-09-24 07:23:26,2.7388,23.7833,69.31,99,100,0.72
495,Deputatskiy,RU,2021-09-24 07:23:26,69.3,139.9,34.48,72,11,4.99
496,Pioner,RU,2021-09-24 07:23:27,55.3166,85.9508,40.44,75,75,6.71
497,Mahon,ES,2021-09-24 07:19:20,39.8885,4.2658,75.76,78,75,13.8
498,Atar,MR,2021-09-24 07:16:48,20.5169,-13.0499,83.5,30,0,8.01
499,Road Town,VG,2021-09-24 07:23:28,18.4167,-64.6167,82.49,70,57,7.34
500,Zarichne,UA,2021-09-24 07:23:28,51.8126,26.129,50.27,84,96,20.24
501,Hwange,ZW,2021-09-24 07:23:29,-18.3693,26.5019,75.88,47,0,8.23
502,Bonnyville,CA,2021-09-24 07:23:29,54.2668,-110.735,37.2,56,98,7.34
503,Coihaique,CL,2021-09-24 07:23:29,-45.5752,-72.0662,49.95,76,0,9.22
504,Mount Gambier,AU,2021-09-24 07:17:16,-37.8333,140.7667,53.51,66,75,23.02
505,Middletown,US,2021-09-24 07:21:30,39.5151,-84.3983,51.15,88,1,0.0
506,Ceuta,ES,2021-09-24 07:23:30,35.8903,-5.3075,71.62,93,100,5.32
507,Port Keats,AU,2021-09-24 07:23:31,-14.25,129.55,84.02,38,100,13.13
508,Oistins,BB,2021-09-24 07:19:34,13.0667,-59.5333,82.49,78,40,10.36
509,Bulawayo,ZW,2021-09-24 07:23:31,-20.15,28.5833,70.27,33,0,7.05
510,Vung Tau,VN,2021-09-24 07:18:05,10.346,107.0843,84.16,71,100,10.58
511,Pangai,TO,2021-09-24 07:23:32,-19.8,-174.35,76.32,78,100,6.06
512,Henties Bay,NA,2021-09-24 07:19:07,-22.116,14.2845,59.99,74,0,6.76
513,Puerto Del Rosario,ES,2021-09-24 07:23:32,28.5004,-13.8627,69.55,78,20,9.22
514,Grenada,ES,2021-09-24 07:20:42,37.1882,-3.6067,70.7,76,20,4.61
515,Te Anau,NZ,2021-09-24 07:18:46,-45.4167,167.7167,41.09,97,100,6.31
516,Ondjiva,AO,2021-09-24 07:23:33,-17.0667,15.7333,80.64,18,0,2.3
517,Keffi,NG,2021-09-24 07:23:34,8.8486,7.8736,74.19,92,100,1.77
518,Gumdag,TM,2021-09-24 07:23:34,39.2061,54.5906,85.41,37,0,2.08
519,Thinadhoo,MV,2021-09-24 07:23:34,0.5333,72.9333,79.11,81,100,17.63
520,Georgiyevka,KZ,2021-09-24 07:23:35,43.0369,74.7114,71.64,18,0,4.47
521,Todos Santos,MX,2021-09-24 07:23:35,23.45,-110.2167,81.01,85,11,4.09
522,Canakkale,TR,2021-09-24 07:23:36,40.0833,26.8333,57.81,51,17,3.4
523,La Palma,US,2021-09-24 07:23:36,33.8464,-118.0467,76.51,89,1,0.0
524,Coxim,BR,2021-09-24 07:23:36,-18.5067,-54.76,77.9,33,100,6.49
525,Kluczbork,PL,2021-09-24 07:23:37,50.9728,18.2182,52.79,73,100,17.92
526,Namtsy,RU,2021-09-24 07:23:37,62.7161,129.6658,46.51,60,100,8.61
527,Lima,PE,2021-09-24 07:23:27,-12.0432,-77.0282,58.39,86,90,4.61
528,Neftcala,AZ,2021-09-24 07:23:38,39.3742,49.2472,75.51,69,39,10.65
529,Namatanai,PG,2021-09-24 07:23:38,-3.6667,152.4333,82.36,76,34,9.84
530,Ahuimanu,US,2021-09-24 07:23:38,21.4447,-157.8378,78.51,75,20,9.22
531,Mozarlandia,BR,2021-09-24 07:23:39,-14.7447,-50.5706,91.4,25,100,3.2
532,Maragogi,BR,2021-09-24 07:23:39,-9.0122,-35.2225,74.91,85,61,11.21
533,Trofors,NO,2021-09-24 07:23:40,65.5333,13.4063,45.75,92,100,5.46
534,Pangkalanbuun,ID,2021-09-24 07:23:40,-2.6833,111.6167,88.16,64,77,1.61
535,Kirensk,RU,2021-09-24 07:23:40,57.7853,108.1119,54.81,39,100,4.07
536,Edea,CM,2021-09-24 07:23:41,3.8,10.1333,74.17,94,100,1.12
537,Kaspiysk,RU,2021-09-24 07:23:41,42.8816,47.6392,64.58,82,90,15.66
538,Tacuarembo,UY,2021-09-24 07:23:42,-31.7333,-55.9833,54.28,97,100,4.81
539,Asekeyevo,RU,2021-09-24 07:23:42,53.5742,52.7972,59.65,38,100,20.04
540,Bubaque,GW,2021-09-24 07:23:42,11.2833,-15.8333,81.59,73,100,3.58
541,Muswellbrook,AU,2021-09-24 07:23:43,-32.2667,150.9,71.47,35,95,12.21
542,Shingu,JP,2021-09-24 07:23:43,33.7333,135.9833,81.91,72,19,6.29
543,Johnstown,US,2021-09-24 07:22:46,40.3267,-78.922,52.92,82,1,6.91
544,Kargasok,RU,2021-09-24 07:23:44,59.0556,80.8572,37.45,98,100,10.47
545,Krasnyy Chikoy,RU,2021-09-24 07:23:44,50.3643,108.7512,61.5,48,100,5.06
