,City,Country,Date,Lat,Lng,Max Temp,Humidity,Cloudiness,Wind Speed,Weather Description
0,Tiksi,RU,2021-10-01 01:11:33,71.6872,128.8694,30.96,68,100,4.18,overcast clouds
1,Ballybofey,IE,2021-10-01 01:11:34,54.8,-7.7833,52.03,94,90,10.13,overcast clouds
2,Arraial Do Cabo,BR,2021-10-01 01:01:22,-22.9661,-42.0278,69.53,87,100,8.57,overcast clouds
3,Clyde River,CA,2021-10-01 01:11:34,70.4692,-68.5914,33.31,74,100,6.69,overcast clouds
4,Victoria,HK,2021-10-01 01:09:10,22.2855,114.1577,90.25,82,0,1.01,clear sky
5,Kaitangata,NZ,2021-10-01 01:04:18,-46.2817,169.8464,56.93,52,68,12.28,broken clouds
6,Ancud,CL,2021-10-01 01:11:35,-41.8697,-73.8203,42.33,64,100,5.3,overcast clouds
7,Mar Del Plata,AR,2021-10-01 01:10:16,-38.0023,-57.5575,56.88,63,0,4.0,fog
8,Puerto Ayora,EC,2021-10-01 01:04:00,-0.7393,-90.3518,70.16,91,54,6.73,broken clouds
9,Russell,US,2021-10-01 01:11:36,32.3502,-85.1999,73.96,89,75,0.0,broken clouds
10,Tuktoyaktuk,CA,2021-10-01 01:11:36,69.4541,-133.0374,23.23,86,22,6.98,few clouds
11,Rikitea,PF,2021-10-01 01:09:36,-23.1203,-134.9692,73.31,73,10,16.51,clear sky
12,Barrow,US,2021-10-01 01:00:41,71.2906,-156.7887,30.22,74,90,10.36,haze
13,Carnduff,CA,2021-10-01 01:11:37,49.1667,-101.8009,62.78,24,0,1.59,clear sky
14,Saint-Philippe,RE,2021-10-01 01:11:37,-21.3585,55.7679,71.15,80,51,11.79,broken clouds
15,Mineral Wells,US,2021-10-01 01:11:38,32.8085,-98.1128,73.0,83,75,9.22,moderate rain
16,Vinni,EE,2021-10-01 01:11:38,59.2958,26.4322,42.53,83,88,7.78,overcast clouds
17,Malanje,AO,2021-10-01 01:11:38,-9.5402,16.341,66.43,78,100,5.08,overcast clouds
18,Mount Gambier,AU,2021-10-01 01:09:39,-37.8333,140.7667,55.31,94,90,21.85,overcast clouds
19,Thompson,CA,2021-10-01 01:11:39,55.7435,-97.8558,53.47,63,5,2.89,clear sky
20,Ushuaia,AR,2021-10-01 00:59:54,-54.8,-68.3,42.46,56,20,18.41,few clouds
21,Longyearbyen,SJ,2021-10-01 01:09:35,78.2186,15.6401,35.44,80,40,3.44,scattered clouds
22,Atuona,PF,2021-10-01 01:01:51,-9.8,-139.0333,78.04,71,0,16.75,clear sky
23,Albany,US,2021-10-01 01:04:06,42.6001,-73.9662,50.81,93,100,5.46,overcast clouds
24,Antofagasta,CL,2021-10-01 01:11:40,-23.65,-70.4,58.28,78,57,4.65,broken clouds
25,Mushie,CD,2021-10-01 01:11:41,-3.0167,16.9,70.47,96,100,1.45,overcast clouds
26,Takaungu,KE,2021-10-01 01:11:41,-3.6837,39.8566,75.67,85,99,14.52,overcast clouds
27,Tongliao,CN,2021-10-01 01:11:41,43.6125,122.2653,50.63,50,100,6.02,overcast clouds
28,Qaanaaq,GL,2021-10-01 01:11:42,77.484,-69.3632,27.52,95,100,14.38,light snow
29,Seoul,KR,2021-10-01 01:08:00,37.5683,126.9778,72.97,64,0,10.36,clear sky
30,Orsha,BY,2021-10-01 01:11:42,54.5153,30.4053,38.01,91,50,6.96,scattered clouds
31,Mataura,NZ,2021-10-01 01:00:45,-46.1927,168.8643,53.47,72,100,7.14,overcast clouds
32,Hobart,AU,2021-10-01 01:00:32,-42.8794,147.3294,60.12,98,90,3.0,mist
33,Castro,BR,2021-10-01 01:01:32,-24.7911,-50.0119,58.51,91,0,7.9,clear sky
34,Dikson,RU,2021-10-01 01:09:39,73.5069,80.5464,32.34,85,100,23.09,overcast clouds
35,Georgetown,MY,2021-10-01 01:09:37,5.4112,100.3354,84.13,82,20,3.44,few clouds
36,Umm Kaddadah,SD,2021-10-01 01:11:44,13.6017,26.6876,83.26,21,24,9.08,few clouds
37,Rio Bueno,CL,2021-10-01 01:11:44,-40.3167,-72.9667,46.54,96,100,2.39,light rain
38,Busselton,AU,2021-10-01 01:04:04,-33.65,115.3333,63.09,83,100,11.52,light rain
39,Katherine,AU,2021-10-01 01:11:45,-14.4667,132.2667,91.72,49,40,10.36,scattered clouds
40,Tanout,NE,2021-10-01 01:08:09,14.9709,8.8879,85.78,15,53,9.48,broken clouds
41,Punta Arenas,CL,2021-10-01 01:04:10,-53.15,-70.9167,41.11,65,100,19.06,overcast clouds
42,Hambantota,LK,2021-10-01 01:07:17,6.1241,81.1185,79.14,94,75,4.61,broken clouds
43,Iqaluit,CA,2021-10-01 01:11:46,63.7506,-68.5145,26.33,100,1,3.44,fog
44,Bluff,NZ,2021-10-01 01:09:33,-46.6,168.3333,53.8,76,63,22.46,broken clouds
45,Saskylakh,RU,2021-10-01 01:11:46,71.9167,114.0833,21.88,91,100,2.17,overcast clouds
46,Sitka,US,2021-10-01 01:11:47,57.0531,-135.33,51.69,66,90,19.57,light rain
47,Nueva Loja,EC,2021-10-01 01:11:47,0.0847,-76.8828,69.44,98,100,3.0,overcast clouds
48,Butaritari,KI,2021-10-01 01:11:47,3.0707,172.7902,81.72,76,23,11.77,light rain
49,Phangnga,TH,2021-10-01 01:11:48,8.4509,98.5298,81.91,85,44,0.45,scattered clouds
50,Rio Grande,BR,2021-10-01 01:03:51,-32.035,-52.0986,62.94,96,100,28.43,moderate rain
51,Chuy,UY,2021-10-01 01:11:49,-33.6971,-53.4616,59.43,93,100,14.27,overcast clouds
52,Fort Dodge,US,2021-10-01 01:11:49,42.4975,-94.168,74.75,78,75,10.36,broken clouds
53,Grants Pass,US,2021-10-01 01:11:49,42.439,-123.3284,80.11,41,1,1.01,clear sky
54,Acapulco,MX,2021-10-01 01:08:21,16.8634,-99.8901,82.22,78,75,0.0,broken clouds
55,Mapastepec,MX,2021-10-01 01:11:50,15.4333,-92.9,78.3,90,58,2.53,broken clouds
56,Presidencia Roque Saenz Pena,AR,2021-10-01 01:09:29,-26.7852,-60.4388,82.27,54,22,10.11,few clouds
57,Fortuna,US,2021-10-01 01:11:51,40.5982,-124.1573,75.18,70,75,5.01,broken clouds
58,Tasiilaq,GL,2021-10-01 01:04:08,65.6145,-37.6368,35.76,87,8,5.01,clear sky
59,Ust-Maya,RU,2021-10-01 01:11:51,60.4167,134.5333,36.28,83,100,5.1,overcast clouds
60,Luba,GQ,2021-10-01 01:11:52,3.4568,8.5547,77.79,87,100,3.4,light rain
61,Ribeira Grande,PT,2021-10-01 01:11:52,38.5167,-28.7,71.6,83,16,2.24,few clouds
62,Shimoda,JP,2021-10-01 01:11:53,34.6667,138.95,68.36,92,100,33.84,light rain
63,Cotonou,BJ,2021-10-01 01:11:53,6.3654,2.4183,78.1,86,91,7.87,light rain
64,Petropavlovsk-Kamchatskiy,RU,2021-10-01 01:11:54,53.0452,158.6483,48.79,71,75,11.18,light rain
65,Puerto Lempira,HN,2021-10-01 01:11:54,15.2667,-83.7667,79.54,83,0,8.03,clear sky
66,Bilma,NE,2021-10-01 01:11:55,18.6853,12.9164,84.36,14,0,18.1,clear sky
67,Nuuk,GL,2021-10-01 01:11:55,64.1835,-51.7216,34.41,64,81,10.36,broken clouds
68,Kruisfontein,ZA,2021-10-01 01:09:50,-34.0033,24.7314,58.89,95,81,4.92,broken clouds
69,Cape Town,ZA,2021-10-01 01:02:31,-33.9258,18.4232,59.34,72,0,11.92,clear sky
70,Port Alfred,ZA,2021-10-01 01:11:56,-33.5906,26.891,60.98,91,0,9.06,clear sky
71,Cavan,IE,2021-10-01 01:11:56,53.9908,-7.3606,55.42,95,54,15.55,broken clouds
72,Dong Xoai,VN,2021-10-01 01:11:57,11.5333,106.9167,77.5,93,99,3.36,overcast clouds
73,Bengkulu,ID,2021-10-01 01:11:57,-3.8004,102.2655,76.41,84,100,4.32,overcast clouds
74,Natal,BR,2021-10-01 01:11:58,-5.795,-35.2094,77.65,88,20,4.61,few clouds
75,Flin Flon,CA,2021-10-01 01:11:58,54.7682,-101.865,54.21,50,8,6.64,clear sky
76,Srivardhan,IN,2021-10-01 01:11:58,18.0333,73.0167,76.06,90,57,5.57,broken clouds
77,Saint-Joseph,RE,2021-10-01 01:11:59,-21.3667,55.6167,70.16,78,43,10.02,scattered clouds
78,Winfield,US,2021-10-01 01:11:59,37.2398,-96.9956,67.73,94,1,4.61,clear sky
79,Hermanus,ZA,2021-10-01 01:12:00,-34.4187,19.2345,56.89,87,97,8.43,light rain
80,Tarauaca,BR,2021-10-01 01:12:00,-8.1614,-70.7656,73.87,92,100,1.28,overcast clouds
81,Altay,CN,2021-10-01 01:12:01,47.8667,88.1167,45.39,97,100,1.52,moderate rain
82,Vaini,TO,2021-10-01 01:09:46,-21.2,-175.2,75.36,88,75,9.22,broken clouds
83,Esperance,AU,2021-10-01 01:12:01,-33.8667,121.9,68.9,55,100,9.42,overcast clouds
84,Bereznehuvate,UA,2021-10-01 01:10:16,47.3078,32.8499,46.24,57,0,8.34,clear sky
85,Beringovskiy,RU,2021-10-01 01:12:02,63.05,179.3167,30.56,78,100,17.74,overcast clouds
86,Moroto,UG,2021-10-01 01:12:02,2.5345,34.6666,70.47,65,84,5.59,broken clouds
87,Port Macquarie,AU,2021-10-01 01:12:03,-31.4333,152.9167,73.36,55,63,7.7,broken clouds
88,Chake Chake,TZ,2021-10-01 01:12:03,-5.2459,39.7666,73.99,82,14,8.03,few clouds
89,Kalabo,ZM,2021-10-01 01:12:04,-14.97,22.6814,75.45,36,93,3.74,overcast clouds
90,Bredasdorp,ZA,2021-10-01 01:04:01,-34.5322,20.0403,55.27,97,100,1.57,light rain
91,Adrar,MR,2021-10-01 01:12:04,20.5022,-10.0711,91.72,12,88,7.07,overcast clouds
92,Airai,TL,2021-10-01 01:04:16,-8.9266,125.4092,79.41,26,44,3.0,scattered clouds
93,East London,ZA,2021-10-01 01:04:03,-33.0153,27.9116,62.04,90,2,7.47,clear sky
94,Cayenne,GF,2021-10-01 01:12:05,4.9333,-52.3333,83.08,78,0,4.0,clear sky
95,Korem,ET,2021-10-01 01:12:06,12.5058,39.5228,55.94,65,16,1.34,few clouds
96,Coaraci,BR,2021-10-01 01:12:06,-14.6408,-39.5511,66.9,99,39,1.1,scattered clouds
97,Richards Bay,ZA,2021-10-01 01:09:49,-28.783,32.0377,66.47,86,100,14.9,light rain
98,Avarua,CK,2021-10-01 01:00:42,-21.2078,-159.775,80.65,69,40,11.5,scattered clouds
99,Sokolo,ML,2021-10-01 01:12:07,14.7328,-6.1219,87.49,43,100,10.16,overcast clouds
100,Vite,IN,2021-10-01 01:12:07,17.2833,74.55,69.73,91,52,2.62,broken clouds
101,Sorland,NO,2021-10-01 01:12:08,67.667,12.6934,51.04,76,30,10.47,scattered clouds
102,Baker City,US,2021-10-01 01:10:48,44.7749,-117.8344,65.93,32,1,13.8,clear sky
103,Port Elizabeth,ZA,2021-10-01 01:12:09,-33.918,25.5701,62.89,100,90,4.61,mist
104,Suciu De Sus,RO,2021-10-01 01:12:09,47.4333,24.0333,51.17,80,100,1.92,overcast clouds
105,Bitung,ID,2021-10-01 01:12:09,1.4451,125.1824,90.45,69,4,6.6,clear sky
106,Cabo San Lucas,MX,2021-10-01 01:09:20,22.8909,-109.9124,87.51,65,1,6.91,clear sky
107,Sisimiut,GL,2021-10-01 01:09:34,66.9395,-53.6735,33.13,69,100,9.78,overcast clouds
108,New Norfolk,AU,2021-10-01 01:04:12,-42.7826,147.0587,60.75,70,100,1.01,overcast clouds
109,Sobolevo,RU,2021-10-01 01:12:10,54.4299,31.8996,37.63,91,58,5.66,broken clouds
110,Peterhead,GB,2021-10-01 01:12:11,57.5058,-1.7981,52.2,87,100,9.53,overcast clouds
111,Luderitz,NA,2021-10-01 01:12:11,-26.6481,15.1594,55.51,95,79,8.72,broken clouds
112,Hilo,US,2021-10-01 01:01:39,19.7297,-155.09,81.28,92,90,3.44,moderate rain
113,Geraldton,AU,2021-10-01 01:12:12,-28.7667,114.6,66.61,88,40,13.8,scattered clouds
114,Chifeng,CN,2021-10-01 01:12:12,42.2683,118.9636,49.71,51,0,6.8,clear sky
115,Yellowknife,CA,2021-10-01 01:07:55,62.456,-114.3525,48.42,100,100,1.99,light rain
116,San Quintin,MX,2021-10-01 01:10:33,30.4833,-115.95,70.75,74,0,9.4,clear sky
117,Kenai,US,2021-10-01 01:12:13,60.5544,-151.2583,46.02,59,20,14.97,few clouds
118,Durg,IN,2021-10-01 01:12:13,21.1833,81.2833,77.18,91,98,0.47,overcast clouds
119,Fairbanks,US,2021-10-01 01:08:28,64.8378,-147.7164,39.6,64,90,3.44,overcast clouds
120,Maiduguri,NG,2021-10-01 01:12:14,11.8464,13.1603,79.68,45,11,3.02,few clouds
121,Palmer,US,2021-10-01 01:12:14,42.1584,-72.3287,53.22,84,20,3.44,few clouds
122,Neiafu,TO,2021-10-01 01:04:01,-18.65,-173.9833,77.14,74,98,23.26,overcast clouds
123,Usta Muhammad,PK,2021-10-01 01:12:15,28.1794,68.0445,83.8,68,100,5.77,overcast clouds
124,Mitzic,GA,2021-10-01 01:12:15,0.7821,11.549,68.23,99,100,3.06,overcast clouds
125,Lagoa,PT,2021-10-01 01:12:16,39.05,-27.9833,70.12,86,20,4.52,few clouds
126,Hithadhoo,MV,2021-10-01 01:04:15,-0.6,73.0833,81.39,74,100,3.49,overcast clouds
127,Talin,EE,2021-10-01 01:07:35,59.437,24.7535,46.94,84,90,6.91,overcast clouds
128,Hasaki,JP,2021-10-01 01:04:06,35.7333,140.8333,68.29,96,100,32.06,overcast clouds
129,Mahebourg,MU,2021-10-01 01:09:37,-20.4081,57.7,72.25,79,92,15.19,light rain
130,Quchan,IR,2021-10-01 01:12:17,37.106,58.5095,52.21,58,0,4.72,clear sky
131,Provideniya,RU,2021-10-01 01:12:18,64.3833,-173.3,35.71,55,90,15.66,light snow
132,Sinegorye,RU,2021-10-01 01:12:18,62.0788,150.477,25.48,91,100,3.71,light snow
133,Sal Rei,CV,2021-10-01 01:12:19,16.1833,-22.9167,79.36,75,100,11.56,overcast clouds
134,Odweyne,SO,2021-10-01 01:12:19,9.4092,45.064,75.4,60,100,12.44,overcast clouds
135,Omboue,GA,2021-10-01 01:12:19,-1.5746,9.2618,76.19,87,100,7.58,overcast clouds
136,Boralday,KZ,2021-10-01 01:12:20,43.3578,76.8594,46.26,76,90,4.47,overcast clouds
137,Krasnovishersk,RU,2021-10-01 01:12:20,60.4078,57.082,34.9,97,94,3.62,overcast clouds
138,Volkhov,RU,2021-10-01 01:12:21,59.9258,32.3382,40.78,96,15,4.74,few clouds
139,Grindavik,IS,2021-10-01 01:12:21,63.8424,-22.4338,43.27,75,0,19.57,clear sky
140,Bethel,US,2021-10-01 01:12:21,41.3712,-73.414,57.65,83,1,3.44,clear sky
141,Khatanga,RU,2021-10-01 01:04:11,71.9667,102.5,28.58,97,99,6.58,overcast clouds
142,Margate,GB,2021-10-01 01:04:06,51.3813,1.3862,62.31,84,100,25.14,overcast clouds
143,Karpathos,GR,2021-10-01 01:12:22,35.507,27.2132,69.76,64,0,34.52,clear sky
144,Quatre Cocos,MU,2021-10-01 01:04:14,-20.2078,57.7625,72.09,78,91,14.97,light rain
145,Tezu,IN,2021-10-01 01:09:02,27.9167,96.1667,77.07,84,65,0.51,broken clouds
146,Kapaa,US,2021-10-01 01:12:23,22.0752,-159.319,84.18,68,20,5.01,few clouds
147,Kodiak,US,2021-10-01 01:00:50,57.79,-152.4072,47.71,46,90,8.05,light rain
148,Tuatapere,NZ,2021-10-01 01:04:07,-46.1333,167.6833,53.82,65,90,10.42,overcast clouds
149,Buala,SB,2021-10-01 01:12:24,-8.145,159.5921,84.65,67,100,6.46,light rain
150,Marsa Matruh,EG,2021-10-01 01:12:24,31.3525,27.2453,73.06,68,3,12.8,clear sky
151,Nivala,FI,2021-10-01 01:12:25,63.9167,24.9667,39.69,77,100,6.44,overcast clouds
152,Port Lincoln,AU,2021-10-01 01:02:47,-34.7333,135.8667,58.53,65,21,10.36,few clouds
153,Lamballe,FR,2021-10-01 01:12:26,48.4676,-2.5144,60.08,85,82,8.99,broken clouds
154,Tijucas,BR,2021-10-01 01:12:26,-27.2414,-48.6336,71.04,89,100,6.35,light rain
155,Chilca,PE,2021-10-01 01:12:27,-12.5211,-76.7372,67.6,91,72,8.97,broken clouds
156,Berlevag,NO,2021-10-01 01:12:27,70.8578,29.0864,43.7,81,13,13.98,few clouds
157,Burnie,AU,2021-10-01 01:12:28,-41.0667,145.9167,60.84,82,50,8.14,scattered clouds
158,Beyneu,KZ,2021-10-01 01:12:28,45.3167,55.2,46.24,41,6,3.42,clear sky
159,Nouadhibou,MR,2021-10-01 01:12:28,20.931,-17.0347,70.59,88,74,15.21,broken clouds
160,Matay,EG,2021-10-01 01:12:29,28.419,30.7792,72.19,69,0,13.73,clear sky
161,Coihaique,CL,2021-10-01 01:12:29,-45.5752,-72.0662,40.95,65,62,4.61,light rain
162,Palu,ID,2021-10-01 01:12:30,-0.8917,119.8707,83.41,79,87,0.38,light rain
163,Faanui,PF,2021-10-01 01:12:30,-16.4833,-151.75,79.18,73,0,17.6,clear sky
164,Isangel,VU,2021-10-01 01:12:30,-19.55,169.2667,74.26,82,100,14.61,overcast clouds
165,Aklavik,CA,2021-10-01 01:12:31,68.2191,-135.0107,30.92,94,70,4.47,broken clouds
166,Port Shepstone,ZA,2021-10-01 01:12:31,-30.7414,30.455,66.56,84,100,15.7,overcast clouds
167,Cherskiy,RU,2021-10-01 01:12:32,68.75,161.3,21.04,90,22,7.27,few clouds
168,Peleduy,RU,2021-10-01 01:12:32,59.6289,112.7406,33.57,86,82,2.89,broken clouds
169,Warrenton,ZA,2021-10-01 01:12:32,-28.114,24.8475,60.93,81,100,11.86,light rain
170,Honefoss,NO,2021-10-01 01:12:33,60.168,10.2565,51.44,96,100,1.83,overcast clouds
171,Ambalavao,MG,2021-10-01 01:12:33,-21.8333,46.9333,56.07,94,24,4.34,few clouds
172,Guerrero Negro,MX,2021-10-01 01:12:34,27.9769,-114.0611,70.41,63,0,13.29,clear sky
173,Saint George,US,2021-10-01 01:06:59,37.1041,-113.5841,77.47,16,1,1.99,clear sky
174,Lynn Haven,US,2021-10-01 01:12:34,30.2455,-85.6483,80.01,82,75,1.01,broken clouds
175,Havre-Saint-Pierre,CA,2021-10-01 01:08:58,50.2334,-63.5986,43.16,93,90,19.57,overcast clouds
176,Saldanha,ZA,2021-10-01 01:09:41,-33.0117,17.9442,57.61,90,0,11.12,clear sky
177,Leh,IN,2021-10-01 01:12:35,34.1667,77.5833,52.86,49,0,3.91,clear sky
178,Kununurra,AU,2021-10-01 01:12:36,-15.7667,128.7333,94.98,21,5,12.66,clear sky
179,Santiago,CL,2021-10-01 01:09:54,-33.4569,-70.6483,59.29,63,0,10.36,clear sky
180,Totness,SR,2021-10-01 01:12:36,5.8833,-56.3167,80.04,83,64,11.68,broken clouds
181,Vila Velha,BR,2021-10-01 01:10:36,-20.3297,-40.2925,73.35,83,75,5.75,broken clouds
182,Nanortalik,GL,2021-10-01 01:12:37,60.1432,-45.2371,37.69,65,0,7.76,clear sky
183,Mamou,GN,2021-10-01 01:12:37,10.5,-12.0,68.18,96,100,2.8,overcast clouds
184,Poya,NC,2021-10-01 01:12:38,-21.35,165.15,81.27,60,44,6.82,scattered clouds
185,Codrington,AU,2021-10-01 01:12:38,-38.2667,141.9667,57.9,95,86,19.17,overcast clouds
186,Lebu,CL,2021-10-01 01:09:33,-37.6167,-73.65,50.16,85,100,5.95,overcast clouds
187,Mareeba,AU,2021-10-01 01:12:39,-17.0,145.4333,90.45,48,89,0.76,overcast clouds
188,Bijie,CN,2021-10-01 01:12:39,27.3125,105.2942,66.83,76,0,3.87,clear sky
189,Olafsvik,IS,2021-10-01 01:12:40,64.8945,-23.7142,43.86,76,100,30.65,overcast clouds
190,San Juan,AR,2021-10-01 01:12:40,-31.5375,-68.5364,66.72,29,0,14.32,clear sky
191,Talnakh,RU,2021-10-01 01:12:40,69.4865,88.3972,29.5,97,100,3.51,overcast clouds
192,Muli,MV,2021-10-01 01:10:18,2.9167,73.5667,82.04,72,74,9.53,broken clouds
193,Calama,CL,2021-10-01 01:12:41,-22.4667,-68.9333,55.24,31,0,2.1,clear sky
194,Belmonte,BR,2021-10-01 01:12:42,-15.8631,-38.8828,77.5,85,0,8.55,clear sky
195,Macau,MO,2021-10-01 01:12:42,22.2006,113.5461,89.4,84,20,5.75,few clouds
196,Quang Ngai,VN,2021-10-01 01:07:55,15.1167,108.8,81.0,81,7,1.83,clear sky
197,Upernavik,GL,2021-10-01 01:12:43,72.7868,-56.1549,32.61,71,100,14.36,overcast clouds
198,Saint-Francois,FR,2021-10-01 01:12:43,46.4154,3.9054,41.68,100,0,0.0,clear sky
199,Severnyy,RU,2021-10-01 01:12:43,50.677,36.5532,37.44,87,0,4.47,clear sky
200,Palana,RU,2021-10-01 01:12:44,59.1167,159.9667,36.82,57,100,8.05,overcast clouds
201,Ponta Do Sol,PT,2021-10-01 01:09:44,32.6667,-17.1,72.23,68,7,8.28,clear sky
202,Pavilosta,LV,2021-10-01 01:12:44,56.8879,21.1859,49.95,93,100,12.01,overcast clouds
203,Sosva,RU,2021-10-01 01:12:45,59.1766,61.8558,34.88,87,47,9.1,scattered clouds
204,Bud,US,2021-10-01 01:09:41,39.447,-86.1758,71.58,71,82,6.73,broken clouds
205,Taloc,PH,2021-10-01 01:12:46,10.5722,122.8967,83.97,78,98,5.68,overcast clouds
206,Kieta,PG,2021-10-01 01:12:46,-6.2167,155.6333,81.1,81,100,4.36,light rain
207,Morvi,IN,2021-10-01 01:12:47,22.8167,70.8333,76.46,92,93,8.57,overcast clouds
208,Te Anau,NZ,2021-10-01 01:12:47,-45.4167,167.7167,56.39,58,24,5.12,few clouds
209,Armidale,AU,2021-10-01 01:12:47,-30.5167,151.65,57.81,45,100,14.45,overcast clouds
210,Broken Hill,AU,2021-10-01 01:12:48,-31.95,141.4333,59.38,61,100,18.86,overcast clouds
211,Ixtapa,MX,2021-10-01 01:12:48,20.7,-105.2,83.43,74,90,4.61,overcast clouds
212,Chokurdakh,RU,2021-10-01 01:04:17,70.6333,147.9167,18.45,88,24,9.28,few clouds
213,Micheweni,TZ,2021-10-01 01:12:49,-4.9667,39.8333,75.92,79,14,10.94,few clouds
214,Saint Anthony,US,2021-10-01 01:12:49,45.0205,-93.218,75.7,77,90,3.44,overcast clouds
215,Kistelek,HU,2021-10-01 01:12:50,46.4725,19.9797,56.07,86,100,3.42,overcast clouds
216,Salalah,OM,2021-10-01 01:12:50,17.0151,54.0924,82.49,78,75,4.61,broken clouds
217,Mehamn,NO,2021-10-01 01:12:51,71.0357,27.8492,42.71,83,19,9.62,few clouds
218,San Angelo,US,2021-10-01 01:12:47,31.4638,-100.437,71.82,69,40,1.99,scattered clouds
219,Puerto Leguizamo,CO,2021-10-01 01:09:48,-0.1934,-74.7819,73.54,93,95,2.15,overcast clouds
220,Sale,MA,2021-10-01 01:12:51,34.0389,-6.8166,64.42,100,75,0.0,mist
221,Bairiki,KI,2021-10-01 01:12:52,1.3292,172.9752,87.8,66,75,13.8,broken clouds
222,Jagdalpur,IN,2021-10-01 01:12:52,19.0667,82.0333,73.15,93,76,1.63,broken clouds
223,Serendah,MY,2021-10-01 01:12:53,3.3646,101.6041,83.17,72,100,3.0,overcast clouds
224,Rochefort,FR,2021-10-01 01:12:53,45.9167,-1.0,51.85,90,12,1.99,few clouds
225,Constitucion,CL,2021-10-01 01:12:54,-35.3333,-72.4167,48.45,78,6,9.69,clear sky
226,Jamestown,US,2021-10-01 01:04:02,42.097,-79.2353,49.08,92,1,1.01,clear sky
227,Guanica,PR,2021-10-01 01:12:54,17.9716,-66.908,79.25,80,27,3.0,scattered clouds
228,Malindi,KE,2021-10-01 01:12:54,-3.2175,40.1191,76.17,85,95,15.9,light rain
229,Kholmogory,RU,2021-10-01 01:12:55,64.2229,41.656,46.51,94,97,3.09,overcast clouds
230,Naze,JP,2021-10-01 01:11:31,28.3667,129.4833,79.72,71,9,4.16,clear sky
231,Wuchang,CN,2021-10-01 01:12:55,44.9143,127.15,50.4,64,21,9.1,few clouds
232,Amapa,BR,2021-10-01 01:12:56,1.0,-52.0,73.98,84,11,3.04,few clouds
233,Poronaysk,RU,2021-10-01 01:12:56,49.2167,143.1167,59.27,51,2,4.76,clear sky
234,Marsabit,KE,2021-10-01 01:12:57,2.3284,37.9899,63.46,78,100,22.03,overcast clouds
235,Padang,ID,2021-10-01 01:12:57,-0.9492,100.3543,73.45,78,100,2.24,light rain
236,Gobabis,NA,2021-10-01 01:12:58,-22.45,18.9667,61.39,17,34,9.17,scattered clouds
237,Xining,CN,2021-10-01 01:08:39,36.6167,101.7667,53.47,42,2,2.66,clear sky
238,Leshukonskoye,RU,2021-10-01 01:12:58,64.8989,45.7622,43.48,93,100,3.76,overcast clouds
239,Kailua,US,2021-10-01 01:12:59,21.4022,-157.7394,84.18,69,75,14.97,broken clouds
240,Kavieng,PG,2021-10-01 01:01:10,-2.5744,150.7967,84.56,73,91,14.7,light rain
241,Ndele,CF,2021-10-01 01:12:59,8.4109,20.6473,72.09,91,64,1.97,broken clouds
242,Taga,RO,2021-10-01 01:13:00,46.95,24.05,54.32,82,100,1.48,overcast clouds
243,Hervey Bay,AU,2021-10-01 01:13:00,-25.2986,152.8535,69.04,90,100,6.55,light rain
244,Raudeberg,NO,2021-10-01 01:09:14,61.9875,5.1352,56.07,74,100,4.0,overcast clouds
245,Narsaq,GL,2021-10-01 01:13:01,60.9167,-46.05,34.02,48,0,5.3,clear sky
246,Bandarbeyla,SO,2021-10-01 01:13:01,9.4942,50.8122,79.47,79,100,20.11,overcast clouds
247,Deputatskiy,RU,2021-10-01 01:13:01,69.3,139.9,17.17,67,93,3.83,overcast clouds
248,Glasgow,GB,2021-10-01 01:12:34,55.8652,-4.2576,55.81,95,75,4.61,broken clouds
249,Srandakan,ID,2021-10-01 01:13:02,-7.9386,110.2506,78.91,78,100,6.46,overcast clouds
250,Nianzishan,CN,2021-10-01 01:13:02,47.5167,122.8833,46.11,52,0,9.91,clear sky
251,Acarau,BR,2021-10-01 01:13:03,-2.8856,-40.12,78.71,85,64,9.86,broken clouds
252,Kitimat,CA,2021-10-01 01:13:03,54.0524,-128.6534,47.57,99,100,6.06,light rain
253,Asilah,MA,2021-10-01 01:13:04,35.465,-6.0348,73.26,84,100,9.8,overcast clouds
254,Cedar Lake,US,2021-10-01 01:09:43,41.3648,-87.4411,73.89,60,99,7.47,overcast clouds
255,Vao,NC,2021-10-01 01:10:49,-22.6667,167.4833,70.65,86,17,22.21,few clouds
256,Victor Harbor,AU,2021-10-01 01:13:04,-35.5667,138.6167,63.81,94,92,1.99,overcast clouds
257,Sumkino,RU,2021-10-01 01:13:05,58.1108,68.3244,36.1,87,100,13.67,overcast clouds
258,Santa Isabel Do Rio Negro,BR,2021-10-01 01:11:15,-0.4139,-65.0192,77.7,80,100,2.28,overcast clouds
259,Stephenville,US,2021-10-01 01:13:05,32.2207,-98.2023,80.67,86,90,11.5,heavy intensity rain
260,Lafia,NG,2021-10-01 01:13:06,8.4833,8.5167,75.2,88,100,2.8,light rain
261,Yulara,AU,2021-10-01 01:13:06,-25.2406,130.9889,78.64,18,0,12.66,clear sky
262,Aksu,CN,2021-10-01 01:08:07,41.1231,80.2644,64.47,22,2,2.53,clear sky
263,Husavik,IS,2021-10-01 01:08:49,66.0449,-17.3389,41.45,83,100,19.93,overcast clouds
264,Sao Filipe,CV,2021-10-01 01:13:07,14.8961,-24.4956,79.63,77,100,4.38,overcast clouds
265,Fort Nelson,CA,2021-10-01 01:13:07,58.8053,-122.7002,39.58,91,100,5.03,overcast clouds
266,Jalu,LY,2021-10-01 01:13:08,29.0331,21.5482,73.74,61,0,8.68,clear sky
267,Hofn,IS,2021-10-01 01:09:42,64.2539,-15.2082,44.44,82,100,23.67,overcast clouds
268,Port-Gentil,GA,2021-10-01 01:09:39,-0.7193,8.7815,77.52,86,100,15.7,light rain
269,Zhanakorgan,KZ,2021-10-01 01:13:09,43.9098,67.2495,40.73,64,84,8.99,broken clouds
270,Itarema,BR,2021-10-01 01:08:51,-2.9248,-39.9167,78.67,84,28,9.78,scattered clouds
271,Nova Londrina,BR,2021-10-01 01:13:09,-22.7658,-52.985,83.5,36,14,9.26,few clouds
272,Gao,ML,2021-10-01 01:09:50,16.6362,1.637,85.98,41,100,2.59,overcast clouds
273,Miri,MY,2021-10-01 01:13:10,4.4148,114.0089,84.34,79,40,1.14,scattered clouds
274,Severo-Kurilsk,RU,2021-10-01 01:09:48,50.6789,156.125,48.51,96,100,21.85,moderate rain
275,Bonoua,CI,2021-10-01 01:13:11,5.2741,-3.595,78.42,94,27,4.85,light rain
276,Nikolskoye,RU,2021-10-01 01:00:52,59.7035,30.7861,42.69,96,51,4.76,broken clouds
277,Tavares,US,2021-10-01 01:08:11,28.8042,-81.7256,80.6,73,1,1.01,clear sky
278,Imatra,FI,2021-10-01 01:13:11,61.1719,28.7524,44.98,78,100,1.99,overcast clouds
279,Talaya,RU,2021-10-01 01:10:47,61.3833,152.75,28.67,81,100,7.36,light snow
280,Sur,OM,2021-10-01 01:13:12,22.5667,59.5289,87.37,60,100,4.07,overcast clouds
281,Laguna,US,2021-10-01 01:13:12,38.421,-121.4238,88.93,20,1,1.01,clear sky
282,Achutupo,PA,2021-10-01 01:13:13,9.2,-77.9833,78.19,85,100,2.57,overcast clouds
283,Pacific Grove,US,2021-10-01 01:08:39,36.6177,-121.9166,85.75,58,1,1.99,clear sky
284,Igra,RU,2021-10-01 01:13:13,57.5558,53.0547,42.12,98,100,4.97,overcast clouds
285,Namibe,AO,2021-10-01 01:13:14,-15.1961,12.1522,59.77,85,5,3.67,clear sky
286,Torbay,CA,2021-10-01 01:00:26,47.6666,-52.7314,60.76,99,90,2.3,fog
287,Kargasok,RU,2021-10-01 01:13:14,59.0556,80.8572,35.22,88,100,5.44,overcast clouds
288,Tutoia,BR,2021-10-01 01:11:27,-2.7619,-42.2744,79.03,87,15,9.82,few clouds
289,Buta,CD,2021-10-01 01:13:15,2.7858,24.73,70.54,100,100,1.12,overcast clouds
290,Eyl,SO,2021-10-01 01:13:15,7.9803,49.8164,78.21,80,64,15.35,broken clouds
291,Carnarvon,AU,2021-10-01 01:11:07,-24.8667,113.6333,75.27,73,90,14.97,overcast clouds
292,Maragogi,BR,2021-10-01 01:10:12,-9.0122,-35.2225,75.0,89,37,9.01,scattered clouds
293,Lompoc,US,2021-10-01 01:04:10,34.6391,-120.4579,87.08,58,1,8.05,clear sky
294,Ayagoz,KZ,2021-10-01 01:13:16,47.9714,80.4392,39.06,75,21,9.95,few clouds
295,Tautira,PF,2021-10-01 01:13:17,-17.7333,-149.15,84.22,77,27,15.26,light rain
296,Rongcheng,CN,2021-10-01 01:13:18,30.634,117.8517,79.88,74,0,1.5,clear sky
297,Lalibela,ET,2021-10-01 01:13:18,12.0333,39.0333,57.29,67,70,0.49,broken clouds
298,Areosa,PT,2021-10-01 01:13:19,41.7178,-8.8571,63.32,77,100,10.47,overcast clouds
299,Uniontown,US,2021-10-01 01:13:19,39.9001,-79.7164,57.54,57,76,2.17,broken clouds
300,Pachino,IT,2021-10-01 01:13:19,36.7186,15.0907,70.59,75,6,9.91,clear sky
301,Vilhena,BR,2021-10-01 01:13:20,-12.7406,-60.1458,71.4,82,50,2.55,scattered clouds
302,Mumford,GH,2021-10-01 01:13:20,5.2618,-0.759,76.53,89,62,8.88,light rain
303,Sivas,TR,2021-10-01 01:13:21,39.7916,37.0019,39.83,100,0,9.22,clear sky
304,Lorengau,PG,2021-10-01 01:13:21,-2.0226,147.2712,78.66,87,100,8.01,moderate rain
305,Camacha,PT,2021-10-01 01:13:21,33.0833,-16.3333,68.76,78,75,11.5,broken clouds
306,Bombay,IN,2021-10-01 01:12:02,19.0144,72.8479,78.78,100,40,3.44,haze
307,Clarence Town,AU,2021-10-01 01:13:22,-32.5833,151.7833,77.81,32,59,2.33,broken clouds
308,Klyuchi,RU,2021-10-01 01:13:23,52.2667,79.1667,38.84,85,97,10.0,overcast clouds
309,Klaksvik,FO,2021-10-01 01:13:23,62.2266,-6.589,49.12,81,20,18.57,few clouds
310,Tadine,NC,2021-10-01 01:13:24,-21.55,167.8833,75.15,76,100,16.06,overcast clouds
311,Mao,ES,2021-10-01 01:13:24,39.8885,4.2658,64.96,88,0,3.44,clear sky
312,Sao Joao Da Barra,BR,2021-10-01 01:13:24,-21.6403,-41.0511,71.65,84,96,6.73,overcast clouds
313,Sucua,EC,2021-10-01 01:13:25,-2.4667,-78.1667,66.81,97,37,3.83,light rain
314,Pangody,RU,2021-10-01 01:13:25,65.85,74.4859,32.5,95,100,17.4,overcast clouds
315,Santa Maria Del Oro,MX,2021-10-01 01:13:26,25.9333,-105.3667,69.1,29,0,4.72,clear sky
316,Comodoro Rivadavia,AR,2021-10-01 01:13:26,-45.8667,-67.5,42.66,75,0,6.91,clear sky
317,Walvis Bay,NA,2021-10-01 01:13:27,-22.9575,14.5053,55.09,87,0,2.3,clear sky
318,Asosa,ET,2021-10-01 01:13:27,10.0667,34.5333,59.38,87,98,5.14,overcast clouds
319,Yankton,US,2021-10-01 01:13:28,42.8711,-97.3973,69.12,94,90,4.61,moderate rain
320,Teguldet,RU,2021-10-01 01:13:28,57.3064,88.1667,35.71,98,100,4.85,overcast clouds
321,Daram,PH,2021-10-01 01:13:28,11.6341,124.7947,83.8,75,67,2.39,broken clouds
322,Haines Junction,CA,2021-10-01 01:13:29,60.7522,-137.5108,46.35,57,99,4.61,overcast clouds
323,Bridlington,GB,2021-10-01 01:13:29,54.0831,-0.1919,59.18,88,100,18.05,overcast clouds
324,Rawlins,US,2021-10-01 01:12:17,41.7911,-107.2387,51.69,54,1,8.05,clear sky
325,Duncan,US,2021-10-01 01:13:30,34.5023,-97.9578,69.69,92,1,8.05,clear sky
326,Bambous Virieux,MU,2021-10-01 01:13:30,-20.3428,57.7575,72.21,78,75,12.66,light rain
327,Bonavista,CA,2021-10-01 01:13:31,48.6499,-53.1147,56.12,99,100,6.33,overcast clouds
328,Inirida,CO,2021-10-01 01:13:31,3.8653,-67.9239,73.8,96,93,2.86,overcast clouds
329,Daman,IN,2021-10-01 01:13:31,20.4167,72.85,77.13,90,100,6.96,overcast clouds
330,Wellsford,NZ,2021-10-01 01:13:32,-36.2833,174.5167,61.66,55,70,7.54,broken clouds
331,Pecos,US,2021-10-01 01:13:32,31.4229,-103.4932,76.03,56,1,10.36,clear sky
332,Zyuzelskiy,RU,2021-10-01 01:13:33,56.4856,60.1331,39.04,97,100,8.57,overcast clouds
333,Mitsamiouli,KM,2021-10-01 01:13:33,-11.3847,43.2844,75.69,82,6,9.33,clear sky
334,Vestmanna,FO,2021-10-01 01:13:34,62.1564,-7.1664,47.32,93,40,10.36,scattered clouds
335,Calabozo,VE,2021-10-01 01:13:34,8.9242,-67.4293,76.17,87,94,2.42,moderate rain
336,Nabire,ID,2021-10-01 01:13:35,-3.3667,135.4833,85.23,69,36,2.51,scattered clouds
337,Aswan,EG,2021-10-01 01:10:47,24.0934,32.907,77.54,40,0,12.15,clear sky
338,Nantucket,US,2021-10-01 01:11:51,41.2835,-70.0995,59.97,65,40,8.05,scattered clouds
339,La Asuncion,VE,2021-10-01 01:13:35,11.0333,-63.8628,82.13,78,66,8.05,broken clouds
340,Takoradi,GH,2021-10-01 01:10:19,4.8845,-1.7554,76.1,90,84,7.45,broken clouds
341,Sayyan,YE,2021-10-01 01:13:36,15.1718,44.3244,60.69,46,100,1.43,overcast clouds
342,Dukat,RU,2021-10-01 01:10:47,62.55,155.55,24.21,85,100,6.89,overcast clouds
343,Lasa,IT,2021-10-01 01:13:37,46.6166,10.7002,56.03,90,72,2.33,broken clouds
344,Nichinan,JP,2021-10-01 01:13:37,31.6,131.3667,83.88,64,0,2.13,clear sky
345,Changping,CN,2021-10-01 01:13:37,40.2186,116.2197,67.96,34,1,7.0,clear sky
346,Bandar-E Lengeh,IR,2021-10-01 01:09:31,26.5579,54.8807,87.51,65,76,6.31,broken clouds
347,Praia,CV,2021-10-01 01:13:38,14.9215,-23.5087,79.34,83,75,10.36,broken clouds
348,Vrangel,RU,2021-10-01 01:13:38,42.7297,133.0839,58.23,90,100,7.4,overcast clouds
349,Conde,BR,2021-10-01 01:13:39,-7.2597,-34.9075,74.66,100,20,5.75,few clouds
350,Ciudad Bolivar,VE,2021-10-01 01:13:39,8.1222,-63.5497,81.16,69,82,7.0,broken clouds
351,Pietarsaari,FI,2021-10-01 01:13:40,63.65,22.6833,45.9,83,100,11.7,overcast clouds
352,Mikhaylovskoye,RU,2021-10-01 01:13:40,51.8239,79.7172,37.83,91,100,9.35,overcast clouds
353,Chuguyevka,RU,2021-10-01 01:13:41,44.1653,133.8633,55.51,73,100,2.77,overcast clouds
354,Santa Rosa,PH,2021-10-01 01:13:41,14.3122,121.1114,86.86,73,100,3.44,overcast clouds
355,Shaunavon,CA,2021-10-01 01:13:42,49.6501,-108.4181,58.78,23,0,9.69,clear sky
356,Ilulissat,GL,2021-10-01 01:13:42,69.2167,-51.1,30.22,59,75,3.44,broken clouds
357,Idar,DE,2021-10-01 01:13:42,49.7167,7.3,48.27,87,100,3.8,overcast clouds
358,Pevek,RU,2021-10-01 01:09:36,69.7008,170.3133,27.72,80,100,9.01,overcast clouds
359,Tapes,BR,2021-10-01 01:13:43,-30.6733,-51.3958,62.58,96,100,13.91,moderate rain
360,Mabaruma,GY,2021-10-01 01:13:43,8.2,-59.7833,75.18,88,100,3.15,overcast clouds
361,Tura,IN,2021-10-01 01:13:44,25.5198,90.2201,75.22,83,98,1.68,overcast clouds
362,Labytnangi,RU,2021-10-01 01:13:44,66.6572,66.4183,33.06,84,93,8.25,overcast clouds
363,Macas,EC,2021-10-01 01:13:45,-2.3167,-78.1167,66.09,97,82,3.22,light rain
364,Lavrentiya,RU,2021-10-01 01:13:45,65.5833,-171.0,33.71,80,100,15.77,overcast clouds
365,Krasnyy Bogatyr,RU,2021-10-01 01:13:46,56.0145,41.1296,37.74,96,27,4.74,scattered clouds
366,Jamame,SO,2021-10-01 01:13:46,0.0722,42.7506,75.85,87,87,10.31,light rain
367,Kindu,CD,2021-10-01 01:13:46,-2.95,25.95,70.63,98,100,2.39,overcast clouds
368,Nelson Bay,AU,2021-10-01 01:13:47,-32.7167,152.15,77.95,58,72,7.7,broken clouds
369,Pangnirtung,CA,2021-10-01 01:09:43,66.1451,-65.7125,35.56,43,12,2.24,few clouds
370,Kapoeta,SS,2021-10-01 01:13:47,4.7717,33.5903,77.4,63,97,3.89,light rain
371,Big Spring,US,2021-10-01 01:09:35,32.2504,-101.4787,74.68,56,40,12.73,scattered clouds
372,Minuwangoda,LK,2021-10-01 01:13:48,7.1663,79.9533,77.16,91,100,2.51,heavy intensity rain
373,Vila Franca Do Campo,PT,2021-10-01 01:10:15,37.7167,-25.4333,71.2,90,26,2.46,scattered clouds
374,Hamilton,US,2021-10-01 01:03:31,39.1834,-84.5333,68.22,77,87,4.59,overcast clouds
375,Penzance,GB,2021-10-01 01:13:49,50.1186,-5.5371,59.77,88,100,24.83,overcast clouds
376,Alice Springs,AU,2021-10-01 01:09:35,-23.7,133.8833,76.55,18,0,6.91,clear sky
377,Hualmay,PE,2021-10-01 01:13:49,-11.0964,-77.6139,64.56,83,43,9.33,scattered clouds
378,San Patricio,US,2021-10-01 01:13:50,28.017,-97.5169,82.26,74,90,12.93,overcast clouds
379,Warri,NG,2021-10-01 01:13:50,5.5167,5.75,74.14,98,100,3.58,moderate rain
380,Vuktyl,RU,2021-10-01 01:13:51,63.8567,57.3094,31.23,85,85,6.31,overcast clouds
381,Coahuayana,MX,2021-10-01 01:13:51,18.7333,-103.6833,83.68,91,97,2.86,overcast clouds
382,Nogliki,RU,2021-10-01 01:13:52,51.8333,143.1667,55.51,62,3,14.97,clear sky
383,San Cristobal,VE,2021-10-01 01:13:52,7.7669,-72.225,68.18,99,58,1.86,broken clouds
384,Harper,LR,2021-10-01 01:13:52,4.375,-7.7169,76.82,88,94,4.83,light rain
385,Bilibino,RU,2021-10-01 01:13:53,68.0546,166.4372,13.35,92,78,1.23,broken clouds
386,Matanzas,CU,2021-10-01 01:13:54,23.0411,-81.5775,75.96,94,20,4.61,few clouds
387,Vostok,RU,2021-10-01 01:13:54,46.4856,135.8833,51.53,58,100,4.03,overcast clouds
388,Matara,LK,2021-10-01 01:13:54,5.9485,80.5353,77.76,89,100,7.4,overcast clouds
389,Makakilo City,US,2021-10-01 01:13:55,21.3469,-158.0858,82.72,61,1,18.41,clear sky
390,Brawley,US,2021-10-01 01:12:29,32.9787,-115.5303,93.49,8,1,5.75,clear sky
391,Damietta,EG,2021-10-01 01:13:55,31.4165,31.8133,73.24,76,0,7.85,clear sky
392,Asau,RO,2021-10-01 01:13:56,46.4333,26.4,42.76,85,41,2.35,scattered clouds
393,Mancio Lima,BR,2021-10-01 01:13:56,-7.6142,-72.8958,78.46,71,88,1.03,overcast clouds
394,Erenhot,CN,2021-10-01 01:13:57,43.6475,111.9767,48.72,29,49,11.23,scattered clouds
395,Baraki Barak,AF,2021-10-01 01:13:57,33.9675,68.9486,64.89,65,0,2.08,clear sky
396,Hastings,GB,2021-10-01 01:13:57,50.8552,0.5729,62.35,84,100,24.0,overcast clouds
397,Pombas,CV,2021-10-01 01:13:58,17.1503,-25.0201,76.78,79,99,12.35,overcast clouds
398,Abha,SA,2021-10-01 01:13:58,18.2164,42.5053,59.25,25,0,0.0,clear sky
399,Wajima,JP,2021-10-01 01:09:38,37.4,136.9,74.08,88,75,8.05,broken clouds
400,Yuksekova,TR,2021-10-01 01:13:59,37.5736,44.2872,38.03,65,0,2.26,clear sky
401,Trapani,IT,2021-10-01 01:13:59,37.8333,12.6667,69.98,79,60,5.73,broken clouds
402,Pundaguitan,PH,2021-10-01 01:14:00,6.3711,126.1689,83.89,71,8,4.61,clear sky
403,Nosy Varika,MG,2021-10-01 01:14:00,-20.5833,48.5333,66.56,91,9,5.19,clear sky
404,San Policarpo,PH,2021-10-01 01:14:00,12.1791,125.5072,84.13,72,90,2.71,overcast clouds
405,Banyo,CM,2021-10-01 01:14:01,6.75,11.8167,65.79,96,100,1.79,light rain
406,Vila,PT,2021-10-01 01:14:01,42.0304,-8.1588,52.34,89,100,2.04,overcast clouds
407,Souillac,MU,2021-10-01 01:12:38,-20.5167,57.5167,72.36,78,75,12.66,broken clouds
408,Baghdad,IQ,2021-10-01 01:12:24,33.3406,44.4009,82.31,30,0,10.36,clear sky
409,Chikwawa,MW,2021-10-01 01:11:24,-16.0335,34.8009,73.18,74,3,4.41,clear sky
410,Micco,US,2021-10-01 01:14:02,27.8806,-80.5003,82.0,70,44,4.0,scattered clouds
411,Tomaszow Lubelski,PL,2021-10-01 01:14:03,50.4477,23.4162,46.81,97,100,6.55,overcast clouds
412,Atambua,ID,2021-10-01 01:14:03,-9.1061,124.8925,85.96,44,24,2.89,few clouds
413,Grand Gaube,MU,2021-10-01 01:14:03,-20.0064,57.6608,72.37,74,95,7.0,light rain
414,Marawi,PH,2021-10-01 01:14:04,7.9986,124.2928,73.65,69,86,2.28,overcast clouds
415,Peniche,PT,2021-10-01 01:14:04,39.3558,-9.3811,63.63,92,100,14.0,overcast clouds
416,Borazjan,IR,2021-10-01 01:14:05,29.2666,51.2159,84.85,22,1,1.83,clear sky
417,Dustlik,UZ,2021-10-01 01:14:05,40.5247,68.0358,49.71,49,91,6.08,overcast clouds
418,Dolores,AR,2021-10-01 01:14:06,-36.3132,-57.6792,56.16,98,100,5.32,overcast clouds
419,Kavaratti,IN,2021-10-01 01:14:06,10.5669,72.642,81.72,79,100,13.22,overcast clouds
420,Katsuura,JP,2021-10-01 01:14:06,35.1333,140.3,69.82,96,100,36.64,light rain
421,Yarmouth,US,2021-10-01 01:14:07,41.7057,-70.2286,59.11,73,90,5.75,overcast clouds
422,Cape Canaveral,US,2021-10-01 01:10:09,28.4058,-80.6048,81.99,73,1,5.75,clear sky
423,Shakawe,BW,2021-10-01 01:14:07,-18.3667,21.85,74.57,27,97,3.56,overcast clouds
424,Livingstonia,MW,2021-10-01 01:14:08,-10.606,34.1063,66.15,66,17,4.29,few clouds
425,Kulhudhuffushi,MV,2021-10-01 01:14:08,6.6221,73.07,81.79,77,100,14.52,overcast clouds
426,Kiama,AU,2021-10-01 01:14:09,-34.6833,150.8667,68.25,72,99,3.0,overcast clouds
427,Cockburn Town,TC,2021-10-01 01:14:05,21.4612,-71.1419,83.43,71,4,13.73,clear sky
428,Shache,CN,2021-10-01 01:14:09,38.4167,77.2406,64.54,20,0,7.23,clear sky
429,Yendi,GH,2021-10-01 01:14:10,9.4427,-0.0099,74.05,91,100,1.36,light rain
430,Cidreira,BR,2021-10-01 01:14:10,-30.1811,-50.2056,63.61,92,100,27.18,heavy intensity rain
431,De-Kastri,RU,2021-10-01 01:14:10,51.4667,140.7833,53.71,47,0,9.46,clear sky
432,Manama,BH,2021-10-01 01:13:56,26.2154,50.5832,85.98,74,0,3.44,clear sky
433,Nicoya,CR,2021-10-01 01:14:11,10.1483,-85.452,72.95,91,71,1.54,moderate rain
434,College,US,2021-10-01 01:03:47,64.8569,-147.8028,39.15,65,75,4.61,broken clouds
435,Waddan,LY,2021-10-01 01:14:12,29.1614,16.139,70.09,82,0,5.3,clear sky
436,Bamiantong,CN,2021-10-01 01:14:12,44.9333,130.5333,53.58,48,0,5.1,clear sky
437,Eureka,US,2021-10-01 01:14:12,40.8021,-124.1637,66.36,88,97,8.99,overcast clouds
438,La Ronge,CA,2021-10-01 01:14:13,55.1001,-105.2842,62.85,34,75,6.91,broken clouds
439,Achacachi,BO,2021-10-01 01:14:13,-16.05,-68.6833,46.02,75,1,5.26,clear sky
440,Kang,BW,2021-10-01 01:11:17,-23.6752,22.7876,70.23,52,96,5.53,overcast clouds
441,Humen,CN,2021-10-01 01:14:14,22.819,113.6731,89.6,65,0,5.08,light rain
442,Lensk,RU,2021-10-01 01:14:14,60.7253,114.9278,36.14,81,66,4.94,broken clouds
443,Puerto Madryn,AR,2021-10-01 01:12:58,-42.7692,-65.0385,57.16,24,0,22.57,clear sky
444,Korla,CN,2021-10-01 01:03:56,41.7597,86.1469,65.39,24,36,2.55,scattered clouds
445,Jizan,SA,2021-10-01 01:14:15,17.3333,42.6667,86.36,68,83,3.98,broken clouds
446,Ratholo,BW,2021-10-01 01:14:15,-22.7245,27.572,64.06,74,84,16.82,broken clouds
447,Sosnovo,RU,2021-10-01 01:14:16,60.5514,30.2144,37.38,95,13,4.92,few clouds
448,Varzea Da Palma,BR,2021-10-01 01:14:16,-17.5981,-44.7308,80.8,40,43,3.56,scattered clouds
449,Portland,US,2021-10-01 01:13:56,45.5234,-122.6762,61.84,91,75,1.99,broken clouds
450,Bubaque,GW,2021-10-01 01:14:17,11.2833,-15.8333,82.56,77,39,8.43,light rain
451,Noumea,NC,2021-10-01 01:14:17,-22.2763,166.4572,84.18,99,24,15.61,few clouds
452,Belaya Gora,RU,2021-10-01 01:14:17,68.5333,146.4167,29.14,45,7,10.8,clear sky
453,Road Town,VG,2021-10-01 01:14:18,18.4167,-64.6167,82.49,66,0,5.03,clear sky
454,Champerico,GT,2021-10-01 01:14:18,14.3,-91.9167,84.34,78,100,4.25,overcast clouds
455,Torrington,US,2021-10-01 01:14:19,41.8007,-73.1212,55.08,88,42,6.15,scattered clouds
456,Touros,BR,2021-10-01 01:14:19,-5.1989,-35.4608,77.9,82,21,14.88,few clouds
457,Coquimbo,CL,2021-10-01 01:13:45,-29.9533,-71.3436,55.13,87,0,3.44,clear sky
458,Norman Wells,CA,2021-10-01 01:14:20,65.282,-126.8329,41.04,70,75,6.91,broken clouds
459,Ahipara,NZ,2021-10-01 01:14:20,-35.1667,173.1667,60.67,53,0,6.15,clear sky
460,Sam Roi Yot,TH,2021-10-01 01:14:21,12.2708,99.872,84.18,75,93,2.53,overcast clouds
461,Kudowa-Zdroj,PL,2021-10-01 01:14:21,50.443,16.244,45.81,71,100,2.89,overcast clouds
462,Hakodate,JP,2021-10-01 01:14:21,41.7758,140.7367,70.11,73,75,5.75,broken clouds
463,Bereda,ES,2021-10-01 01:14:22,43.2686,-7.5406,55.58,100,100,1.9,overcast clouds
464,Ewa Beach,US,2021-10-01 01:11:27,21.3156,-158.0072,84.15,61,75,14.97,broken clouds
465,Rocha,UY,2021-10-01 01:10:26,-34.4833,-54.3333,56.23,98,100,15.43,overcast clouds
466,Havelock,US,2021-10-01 01:14:23,34.8791,-76.9013,73.35,86,40,0.0,scattered clouds
467,Giyani,ZA,2021-10-01 01:14:23,-23.3025,30.7187,64.42,87,97,8.05,overcast clouds
468,Nioro,GM,2021-10-01 01:14:24,13.35,-15.75,76.39,92,9,5.7,clear sky
469,Blagoyevo,RU,2021-10-01 01:14:24,63.3667,47.9167,44.33,97,100,3.94,overcast clouds
470,Whitehorse,CA,2021-10-01 01:14:24,60.7161,-135.0538,43.57,78,75,13.0,broken clouds
471,Lima,PE,2021-10-01 01:11:24,-12.0432,-77.0282,65.89,81,75,14.97,broken clouds
472,Novo Aripuana,BR,2021-10-01 01:14:25,-5.1206,-60.3797,73.92,92,100,2.86,overcast clouds
473,Teya,RU,2021-10-01 01:14:25,60.3778,92.6267,36.12,99,100,2.39,light rain
474,Sabang,ID,2021-10-01 01:14:26,5.8933,95.3214,78.94,82,100,4.63,light rain
475,Callaguip,PH,2021-10-01 01:14:27,18.0714,120.4867,82.26,75,100,1.48,overcast clouds
476,Xinzhi,CN,2021-10-01 01:14:27,36.4989,111.7047,74.3,60,50,0.87,scattered clouds
477,Banon,ES,2021-10-01 01:14:27,40.8382,-1.1909,61.86,94,40,4.61,scattered clouds
478,Porto Novo,BJ,2021-10-01 01:14:28,6.4965,2.6036,80.42,92,83,4.23,light rain
479,Verkhnevilyuysk,RU,2021-10-01 01:14:28,63.4453,120.3167,32.09,65,94,4.85,overcast clouds
480,Gafanha Da Encarnacao,PT,2021-10-01 01:14:29,40.6181,-8.733,61.77,84,100,13.27,overcast clouds
481,Inhambane,MZ,2021-10-01 01:14:29,-23.865,35.3833,69.17,89,15,5.93,few clouds
482,Naliya,IN,2021-10-01 01:14:30,23.2667,68.8333,80.11,87,89,17.02,overcast clouds
483,Iwanai,JP,2021-10-01 01:14:30,42.9744,140.5089,72.68,61,15,0.72,few clouds
484,Sfantu Gheorghe,RO,2021-10-01 01:14:31,45.8667,25.7833,45.27,85,91,2.73,overcast clouds
485,Roald,NO,2021-10-01 01:14:31,62.5833,6.1333,57.34,58,20,12.66,few clouds
486,Suntar,RU,2021-10-01 01:14:31,62.1444,117.6319,34.36,62,63,4.83,broken clouds
487,Nalut,LY,2021-10-01 01:14:32,30.3333,10.85,67.37,72,0,9.86,clear sky
488,Ilo,PE,2021-10-01 01:14:32,-17.6394,-71.3375,62.37,86,12,5.99,few clouds
489,Adre,TD,2021-10-01 01:14:33,13.4667,22.2,75.04,29,28,10.11,scattered clouds
490,Mormugao,IN,2021-10-01 01:14:33,15.4,73.8,76.17,90,68,4.81,broken clouds
491,Pisco,PE,2021-10-01 01:14:34,-13.7,-76.2167,62.65,82,0,18.41,clear sky
492,Nishihara,JP,2021-10-01 01:14:34,26.1842,127.7558,85.28,68,40,17.27,scattered clouds
493,Juegang,CN,2021-10-01 01:14:34,32.3174,121.1855,77.97,63,0,1.97,clear sky
494,Hearst,CA,2021-10-01 01:14:35,49.6835,-83.6665,53.85,79,100,5.35,overcast clouds
495,Aloleng,PH,2021-10-01 01:14:35,16.1307,119.7824,83.12,77,8,1.9,clear sky
496,Lazarev,RU,2021-10-01 01:14:36,52.225,141.5131,52.84,52,28,19.35,scattered clouds
497,Kupang,ID,2021-10-01 01:12:02,-10.1667,123.5833,86.65,52,8,1.79,clear sky
498,Saiha,IN,2021-10-01 01:11:02,22.4833,92.9667,73.33,87,74,1.57,broken clouds
499,Lapua,FI,2021-10-01 01:14:36,62.9693,23.0088,46.11,76,100,8.01,overcast clouds
500,Aljubarrota,PT,2021-10-01 01:14:37,39.5672,-8.9293,59.85,94,96,8.01,overcast clouds
501,Eydhafushi,MV,2021-10-01 01:14:37,5.1033,73.0708,81.05,78,30,10.85,scattered clouds
502,Nakusp,CA,2021-10-01 01:14:37,50.2499,-117.8023,50.34,100,100,3.44,moderate rain
503,Port Hardy,CA,2021-10-01 01:14:38,50.6996,-127.4199,55.58,82,75,6.91,light intensity shower rain
504,Terdal,IN,2021-10-01 01:14:38,16.5,75.05,70.48,92,91,4.27,overcast clouds
505,Tarana,IN,2021-10-01 01:14:39,23.3333,76.0333,73.22,91,95,5.21,overcast clouds
506,Kahului,US,2021-10-01 01:11:22,20.8947,-156.47,84.22,76,40,18.41,scattered clouds
507,Bathsheba,BB,2021-10-01 01:09:46,13.2167,-59.5167,84.81,74,75,17.27,broken clouds
508,Xiamen,CN,2021-10-01 01:11:07,24.4798,118.0819,82.45,83,90,6.71,overcast clouds
509,Itoman,JP,2021-10-01 01:14:40,26.1247,127.6694,86.02,66,20,17.27,few clouds
510,Honningsvag,NO,2021-10-01 01:14:40,70.9821,25.9704,45.73,79,21,16.78,few clouds
511,Ostrovnoy,RU,2021-10-01 01:14:41,68.0531,39.5131,42.4,86,100,4.79,overcast clouds
512,Winslow,US,2021-10-01 01:14:41,35.0242,-110.6974,59.18,56,90,3.0,overcast clouds
513,Urbana,US,2021-10-01 01:10:27,40.1106,-88.2073,76.05,67,1,3.0,clear sky
514,Moose Factory,CA,2021-10-01 01:14:42,51.2585,-80.6094,48.18,87,90,5.75,overcast clouds
515,Paamiut,GL,2021-10-01 01:14:42,61.994,-49.6678,36.77,61,4,11.72,clear sky
516,Maunabo,PR,2021-10-01 01:14:43,18.0072,-65.8993,80.42,87,16,5.99,few clouds
517,Leningradskiy,RU,2021-10-01 01:14:43,69.3833,178.4167,26.47,92,100,13.24,light snow
518,Tanggul,ID,2021-10-01 01:14:44,-8.1645,113.4525,80.85,72,61,4.47,broken clouds
519,Baijiantan,CN,2021-10-01 01:14:44,45.6333,85.1833,61.88,51,100,28.83,moderate rain
520,Mogadishu,SO,2021-10-01 01:14:44,2.0371,45.3438,78.01,87,100,14.45,overcast clouds
521,Lazaro Cardenas,MX,2021-10-01 01:14:45,17.9583,-102.2,80.58,81,8,2.33,clear sky
522,Tabas,IR,2021-10-01 01:14:45,33.5959,56.9244,76.19,17,0,1.72,clear sky
523,Ugoofaaru,MV,2021-10-01 01:14:46,5.6667,73.0,81.12,78,96,11.63,overcast clouds
524,Cristalina,BR,2021-10-01 01:14:46,-16.7686,-47.6136,75.29,41,18,0.94,few clouds
525,Oistins,BB,2021-10-01 01:14:46,13.0667,-59.5333,84.29,74,75,17.27,broken clouds
526,Nemuro,JP,2021-10-01 01:14:47,43.3236,145.575,66.63,92,100,10.63,overcast clouds
527,Tonj,SS,2021-10-01 01:14:47,7.2737,28.6822,71.53,86,53,2.26,broken clouds
528,Yafran,LY,2021-10-01 01:14:47,32.0633,12.5286,62.98,89,1,4.0,clear sky
529,Voh,NC,2021-10-01 01:14:48,-20.9667,164.7,83.53,56,69,8.03,broken clouds
530,Carutapera,BR,2021-10-01 01:14:48,-1.195,-46.02,78.35,82,100,4.94,overcast clouds
531,Shentala,RU,2021-10-01 01:14:49,54.45,51.4833,42.19,91,100,5.88,overcast clouds
532,Perelyub,RU,2021-10-01 01:14:49,51.8667,50.3667,42.69,68,75,4.27,broken clouds
533,Chastyye,RU,2021-10-01 01:14:49,57.2888,54.9728,42.67,96,100,4.7,overcast clouds
534,Lahaina,US,2021-10-01 01:11:00,20.8783,-156.6825,84.2,88,17,10.16,few clouds
535,Ulladulla,AU,2021-10-01 01:14:50,-35.35,150.4667,72.77,55,43,4.88,scattered clouds
536,Zhicheng,CN,2021-10-01 01:14:51,30.2956,111.5047,77.76,67,0,0.43,light rain
537,Ketchikan,US,2021-10-01 01:10:05,55.3422,-131.6461,53.58,88,100,6.44,light rain
538,Madang,PG,2021-10-01 01:14:51,-5.2246,145.7966,81.84,82,99,4.72,heavy intensity rain
539,Jiuquan,CN,2021-10-01 01:10:12,39.7432,98.5174,58.66,26,0,1.25,clear sky
540,Outjo,NA,2021-10-01 01:14:52,-20.1167,16.15,59.22,31,0,10.6,clear sky
541,Avanigadda,IN,2021-10-01 01:14:52,16.0215,80.9181,78.94,92,18,4.36,few clouds
542,Arraias,BR,2021-10-01 01:14:53,-12.9288,-46.9437,81.37,35,40,1.9,scattered clouds
543,Athabasca,CA,2021-10-01 01:14:53,54.7169,-113.2854,57.02,49,100,2.42,overcast clouds
544,Hailey,US,2021-10-01 01:14:53,43.5196,-114.3153,58.89,30,1,4.61,clear sky
545,Lufilufi,WS,2021-10-01 01:14:54,-13.8745,-171.5986,92.98,77,96,23.53,light rain
546,Conakry,GN,2021-10-01 01:13:05,9.538,-13.6773,72.36,80,95,4.38,moderate rain
547,Turukhansk,RU,2021-10-01 01:09:35,65.8167,87.9833,34.32,98,100,7.83,overcast clouds
548,Port Blair,IN,2021-10-01 01:14:55,11.6667,92.75,82.49,80,57,9.1,broken clouds
549,Awbari,LY,2021-10-01 01:14:55,26.5921,12.7805,72.07,36,0,7.27,clear sky
550,Lamu,KE,2021-10-01 01:14:56,-2.2717,40.902,77.22,84,100,14.94,overcast clouds
551,Nome,US,2021-10-01 01:14:56,64.5011,-165.4064,35.67,55,40,16.11,scattered clouds
552,Manzanillo,CU,2021-10-01 01:14:56,20.3433,-77.1167,77.09,87,100,8.01,overcast clouds
553,Prado,BR,2021-10-01 01:14:57,-17.3411,-39.2208,74.41,85,0,8.84,clear sky
554,Kikwit,CD,2021-10-01 01:14:57,-5.041,18.8162,70.39,95,100,2.19,overcast clouds
555,Rio Das Pedras,BR,2021-10-01 01:14:57,-22.8433,-47.6061,66.67,76,0,8.99,clear sky
556,Tiznit,MA,2021-10-01 01:14:58,29.5833,-9.5,82.67,9,0,5.86,clear sky
557,Dongzhen,CN,2021-10-01 01:14:58,22.3797,110.9389,83.07,78,0,3.15,clear sky
558,Bukama,CD,2021-10-01 01:14:59,-9.2,25.85,71.82,80,84,3.71,broken clouds
559,Batagay,RU,2021-10-01 01:14:59,67.6333,134.6333,30.52,37,17,1.34,few clouds
560,Hermosillo,MX,2021-10-01 01:14:59,29.0667,-110.9667,89.51,40,1,1.99,clear sky
561,Bakaly,RU,2021-10-01 01:15:00,55.1789,53.8028,42.73,88,100,7.43,overcast clouds
562,Poum,NC,2021-10-01 01:15:00,-20.2333,164.0167,75.51,81,62,24.58,broken clouds
563,Terrace Bay,CA,2021-10-01 01:15:01,48.7834,-87.1,53.22,85,100,3.96,overcast clouds
564,Hobyo,SO,2021-10-01 01:15:02,5.3505,48.5268,77.88,88,93,17.13,overcast clouds
565,Nevesinje,BA,2021-10-01 01:11:09,43.2586,18.1133,49.01,88,37,7.11,scattered clouds
566,Abalak,RU,2021-10-01 01:15:03,58.1286,68.5944,35.28,88,100,12.91,overcast clouds
567,Rincon,US,2021-10-01 01:14:49,32.296,-81.2354,77.13,87,40,3.44,scattered clouds
568,Manakara,MG,2021-10-01 01:15:04,-22.1333,48.0167,66.2,94,16,5.68,few clouds
569,Qaqortoq,GL,2021-10-01 01:15:04,60.7167,-46.0333,34.3,51,0,2.68,clear sky
570,Gamba,GA,2021-10-01 01:15:05,-2.65,10.0,75.4,85,100,6.06,overcast clouds
571,Vardo,NO,2021-10-01 01:15:05,70.3705,31.1107,47.05,71,85,15.93,overcast clouds
572,Kuchera,IN,2021-10-01 01:15:05,26.9839,73.9719,81.77,73,100,2.86,overcast clouds
573,Pastavy,BY,2021-10-01 01:15:06,55.1168,26.8326,44.65,78,100,8.9,overcast clouds
574,Oxelosund,SE,2021-10-01 01:15:06,58.6706,17.1015,54.88,87,75,12.66,broken clouds
575,Constantine,DZ,2021-10-01 01:15:07,36.365,6.6147,62.01,82,20,2.3,few clouds
576,Nagato,JP,2021-10-01 01:15:07,34.3833,131.2,80.55,75,25,16.93,scattered clouds
577,Huai Thalaeng,TH,2021-10-01 01:15:07,14.997,102.6475,86.65,79,1,3.6,clear sky
578,Gizo,SB,2021-10-01 01:15:08,-8.103,156.8419,84.31,70,100,7.96,overcast clouds
579,Poso,ID,2021-10-01 01:15:08,-1.3959,120.7524,86.0,62,87,1.14,overcast clouds
580,Xai-Xai,MZ,2021-10-01 01:15:09,-25.0519,33.6442,69.62,85,100,4.92,overcast clouds
581,Port Augusta,AU,2021-10-01 01:15:09,-32.5,137.7667,60.94,59,49,15.93,scattered clouds
582,Alta,NO,2021-10-01 01:15:10,69.9689,23.2717,43.86,77,90,1.01,overcast clouds
583,San Pedro,PH,2021-10-01 01:15:10,14.35,121.0167,86.11,73,100,3.96,overcast clouds
584,Boundiali,CI,2021-10-01 01:15:11,9.5217,-6.4869,72.12,93,100,2.42,light rain
585,Kuala Terengganu,MY,2021-10-01 01:15:11,5.3302,103.1408,79.61,85,100,3.29,overcast clouds
586,General Roca,AR,2021-10-01 01:15:11,-39.0333,-67.5833,59.4,41,98,22.7,overcast clouds
587,Nara,JP,2021-10-01 01:15:12,34.6851,135.8049,78.17,85,100,6.35,light rain
588,Calvinia,ZA,2021-10-01 01:15:12,-31.4707,19.776,52.9,66,0,3.98,clear sky
589,Vangaindrano,MG,2021-10-01 01:15:13,-23.35,47.6,66.58,94,18,4.74,few clouds
590,Puerto Del Rosario,ES,2021-10-01 01:15:13,28.5004,-13.8627,73.15,83,0,9.22,clear sky
591,Springbok,ZA,2021-10-01 01:15:13,-29.6643,17.8865,46.36,87,0,5.12,clear sky
592,San Carlos De Bariloche,AR,2021-10-01 01:15:14,-41.1456,-71.3082,40.75,56,40,23.02,scattered clouds
593,Fundulea,RO,2021-10-01 01:15:14,44.4667,26.5167,51.28,69,31,6.78,scattered clouds
594,Broome,US,2021-10-01 01:07:52,42.2506,-75.833,52.66,73,20,6.91,few clouds
595,Diego De Almagro,CL,2021-10-01 01:11:28,-26.3667,-70.05,62.82,31,0,1.41,clear sky
596,Ust-Kuyga,RU,2021-10-01 01:15:15,70.0167,135.6,23.61,73,100,5.19,overcast clouds
597,Sarapul,RU,2021-10-01 01:15:15,56.4763,53.7978,44.42,95,100,5.12,light rain
598,Flinders,AU,2021-10-01 01:15:16,-34.5833,150.8552,70.21,75,100,5.32,overcast clouds
599,Changji,CN,2021-10-01 01:15:16,44.0167,87.3167,66.99,30,0,13.42,clear sky
600,El Cobre,CU,2021-10-01 01:15:17,20.0489,-75.9469,81.84,69,20,6.91,few clouds
601,Tacoronte,ES,2021-10-01 01:15:17,28.4769,-16.4102,73.22,90,75,11.5,mist
602,Dudinka,RU,2021-10-01 01:10:51,69.4058,86.1778,28.27,97,100,10.18,overcast clouds
603,Vigrestad,NO,2021-10-01 01:15:18,58.5667,5.7,53.28,85,100,27.67,moderate rain
604,Zambezi,ZM,2021-10-01 01:15:18,-13.5432,23.1047,71.96,51,85,2.64,overcast clouds
605,Sambava,MG,2021-10-01 01:15:19,-14.2667,50.1667,67.26,87,7,8.7,clear sky
606,General Pico,AR,2021-10-01 01:15:19,-35.6566,-63.7568,53.92,43,0,6.62,clear sky
607,Aksarka,RU,2021-10-01 01:11:22,66.5606,67.7975,33.48,87,76,15.39,broken clouds
608,Velyka Bahachka,UA,2021-10-01 01:15:20,49.7912,33.7226,42.24,62,0,5.88,clear sky
609,Pavlogradka,RU,2021-10-01 01:15:20,54.2024,73.5592,34.99,79,96,9.33,overcast clouds
610,Los Llanos De Aridane,ES,2021-10-01 01:15:21,28.6585,-17.9182,74.12,50,90,16.11,overcast clouds
611,Mangaratiba,BR,2021-10-01 01:15:21,-22.9597,-44.0406,67.98,90,53,1.92,broken clouds
612,Half Moon Bay,US,2021-10-01 01:15:22,37.4636,-122.4286,88.41,27,1,8.05,clear sky
613,Teknaf,BD,2021-10-01 01:15:22,20.8624,92.3058,79.2,83,20,4.09,few clouds
614,Shingu,JP,2021-10-01 01:14:04,33.7333,135.9833,77.99,66,100,4.68,moderate rain
615,Lampang,TH,2021-10-01 01:15:23,18.3333,99.5,82.85,83,0,0.0,clear sky
616,Sao Gabriel Da Cachoeira,BR,2021-10-01 01:15:23,-0.1303,-67.0892,75.9,88,100,1.21,overcast clouds
617,Nago,JP,2021-10-01 01:15:24,26.5881,127.9761,86.07,68,8,14.65,clear sky
618,Dongsheng,CN,2021-10-01 01:15:24,39.8161,109.9776,61.0,24,7,10.42,clear sky
619,Khakhea,BW,2021-10-01 01:11:17,-24.6895,23.494,69.04,58,65,14.0,broken clouds
620,Buraydah,SA,2021-10-01 01:15:25,26.326,43.975,78.48,14,0,8.14,clear sky
621,Sarkand,KZ,2021-10-01 01:15:25,45.41,79.9186,46.13,87,100,10.98,overcast clouds
622,Senador Jose Porfirio,BR,2021-10-01 01:15:26,-2.5908,-51.9542,75.4,92,94,2.8,overcast clouds
623,Terrace,CA,2021-10-01 01:15:26,54.5163,-128.6035,51.71,87,75,16.11,light intensity shower rain
624,Carlsbad,US,2021-10-01 01:12:26,33.1581,-117.3506,89.71,60,1,1.99,clear sky
625,Jeremie,HT,2021-10-01 01:15:27,18.65,-74.1167,80.87,79,4,4.07,clear sky
626,Port Keats,AU,2021-10-01 01:15:27,-14.25,129.55,88.92,53,3,7.74,clear sky
627,Toguchin,RU,2021-10-01 01:15:28,55.2353,84.3858,37.36,97,100,9.91,overcast clouds
628,Mayo,US,2021-10-01 01:15:28,38.8876,-76.5119,66.22,68,75,3.0,broken clouds
629,Marienburg,PL,2021-10-01 01:15:29,54.0359,19.0266,46.06,75,0,6.8,clear sky
630,Mirabela,BR,2021-10-01 01:15:29,-16.2628,-44.1644,79.79,36,74,8.52,broken clouds
631,High Prairie,CA,2021-10-01 01:15:30,55.4334,-116.4858,56.5,36,100,8.77,overcast clouds
632,Fauske,NO,2021-10-01 01:15:30,67.2588,15.3918,51.78,69,69,11.99,broken clouds
633,Santa Maria,BR,2021-10-01 01:15:30,-29.6842,-53.8069,66.13,99,100,4.07,moderate rain
634,Davila,PH,2021-10-01 01:15:31,18.4726,120.5763,83.17,78,100,4.32,overcast clouds
635,Verkhoyansk,RU,2021-10-01 01:15:31,67.5447,133.385,30.97,41,18,1.83,few clouds
636,Tucuman,AR,2021-10-01 01:15:32,-26.8241,-65.2226,78.8,57,0,0.0,clear sky
637,Krivyanskaya,RU,2021-10-01 01:15:32,47.3963,40.1662,45.93,60,0,8.03,clear sky
638,Tekeli,KZ,2021-10-01 01:15:32,44.83,78.8239,38.98,97,100,0.63,overcast clouds
639,Mineiros,BR,2021-10-01 01:15:33,-17.5694,-52.5511,83.28,37,98,3.53,overcast clouds
640,Arman,RU,2021-10-01 01:15:33,59.7,150.1667,36.39,87,100,17.0,light rain
641,Ibipeba,BR,2021-10-01 01:15:34,-11.6408,-42.0111,76.78,40,24,3.78,few clouds
642,Katangli,RU,2021-10-01 01:15:34,51.7102,143.2326,55.71,60,1,15.08,clear sky
643,Xinqing,CN,2021-10-01 01:15:34,48.2333,129.5,47.01,60,3,8.81,clear sky
644,Toccoa,US,2021-10-01 01:15:35,34.5773,-83.3324,73.45,85,1,0.0,clear sky
645,Mercedes,AR,2021-10-01 01:15:35,-34.6515,-59.4307,60.84,92,0,8.32,clear sky
646,Phibun Mangsahan,TH,2021-10-01 01:15:36,15.2447,105.2291,87.12,79,48,4.18,scattered clouds
647,Turangi,NZ,2021-10-01 01:15:36,-39.0,175.9333,57.29,45,4,4.79,clear sky
648,Buchanan,LR,2021-10-01 01:15:37,5.8808,-10.0467,76.96,87,100,4.38,overcast clouds
649,Thinadhoo,MV,2021-10-01 01:15:37,0.5333,72.9333,82.04,70,99,5.59,overcast clouds
650,Tucupita,VE,2021-10-01 01:15:37,9.0622,-62.051,76.93,89,92,5.03,overcast clouds
651,Zhangye,CN,2021-10-01 01:15:38,38.9342,100.4517,64.83,18,0,2.04,clear sky
652,Voskresenskoye,RU,2021-10-01 01:15:38,56.8381,45.4317,41.09,98,53,5.01,broken clouds
653,Cape Coast,GH,2021-10-01 01:15:00,5.1053,-1.2466,76.5,90,78,8.7,light rain
654,Koeru,EE,2021-10-01 01:15:39,58.9631,26.0308,43.65,81,100,6.93,overcast clouds
655,Mae Hong Son,TH,2021-10-01 01:15:39,19.3003,97.9685,78.94,89,75,0.0,broken clouds
656,Mitu,CO,2021-10-01 01:05:35,1.1983,-70.1733,74.77,83,89,0.94,overcast clouds
657,Kanniyakumari,IN,2021-10-01 01:15:40,8.0833,77.5667,79.84,80,100,12.82,overcast clouds
658,Vikindu,TZ,2021-10-01 01:15:40,-7.0067,39.2985,70.99,90,9,3.76,clear sky
659,Beira,MZ,2021-10-01 01:15:41,-19.8436,34.8389,71.78,84,0,5.93,clear sky
660,Karaton,ID,2021-10-01 01:15:41,-6.3424,106.1045,82.96,77,100,5.95,overcast clouds
661,Ibra,OM,2021-10-01 01:15:41,22.6906,58.5334,82.8,59,100,2.51,overcast clouds
662,Guhagar,IN,2021-10-01 01:15:42,17.4842,73.1929,75.07,93,100,4.05,overcast clouds
663,Kyra,RU,2021-10-01 01:15:42,49.5776,111.9753,34.12,60,11,3.2,few clouds
664,Zemio,CF,2021-10-01 01:15:43,5.0314,25.1361,68.38,98,100,1.88,overcast clouds
665,Yarada,IN,2021-10-01 01:15:43,17.65,83.2667,77.32,100,20,2.3,mist
666,Conceicao Da Barra,BR,2021-10-01 01:15:44,-18.5933,-39.7322,74.34,87,57,4.18,broken clouds
667,Tiarei,PF,2021-10-01 01:15:44,-17.5333,-149.3333,84.22,75,6,16.71,light rain
668,Mizdah,LY,2021-10-01 01:15:45,31.4451,12.9801,63.73,88,0,4.59,clear sky
669,Atar,MR,2021-10-01 01:15:45,20.5169,-13.0499,90.39,15,15,3.85,few clouds
670,Araxa,BR,2021-10-01 01:15:45,-19.5933,-46.9406,71.69,53,9,2.86,clear sky
671,Muzhi,RU,2021-10-01 01:15:46,65.3667,64.6667,32.97,81,27,12.66,scattered clouds
672,Erzin,TR,2021-10-01 01:15:46,36.9559,36.2,68.72,82,4,1.41,clear sky
673,Baykit,RU,2021-10-01 01:15:47,61.67,96.37,34.77,80,99,2.77,overcast clouds
674,Isabela,PH,2021-10-01 01:15:47,6.7085,121.9711,85.1,70,12,2.39,few clouds
675,Ust-Barguzin,RU,2021-10-01 01:15:47,53.45,108.9833,36.1,78,91,2.77,overcast clouds
676,Lahan,NP,2021-10-01 01:15:48,26.7296,86.4951,77.22,85,100,1.45,overcast clouds
677,Huarmey,PE,2021-10-01 01:15:48,-10.0681,-78.1522,65.57,83,56,8.95,broken clouds
678,Pemangkat,ID,2021-10-01 01:15:49,1.1667,108.9667,78.4,87,100,5.01,overcast clouds
679,Nagahama,JP,2021-10-01 01:15:49,35.3833,136.2667,72.18,86,100,9.91,moderate rain
680,Toamasina,MG,2021-10-01 01:15:49,-18.1667,49.3833,69.8,94,75,0.0,light rain
681,Gigmoto,PH,2021-10-01 01:15:50,13.7796,124.39,86.25,68,100,1.07,overcast clouds
682,Darab,IR,2021-10-01 01:15:50,28.7519,54.5444,76.1,21,8,2.93,clear sky
683,Port Hedland,AU,2021-10-01 01:15:51,-20.3167,118.5667,82.45,65,5,11.5,clear sky
684,Rondonopolis,BR,2021-10-01 01:15:51,-16.4708,-54.6356,87.26,40,56,3.49,broken clouds
685,Batken,KG,2021-10-01 01:15:51,39.8333,71.0,46.2,50,30,2.33,scattered clouds
686,Kutum,SD,2021-10-01 01:15:52,14.2,24.6667,74.66,25,5,8.3,clear sky
687,Mount Isa,AU,2021-10-01 01:15:52,-20.7333,139.5,85.77,16,5,13.8,clear sky
688,Hovd,MN,2021-10-01 01:15:53,48.0056,91.6419,44.01,61,97,9.78,overcast clouds
689,Lata,PT,2021-10-01 01:09:40,40.1629,-8.3327,59.81,83,100,1.86,overcast clouds
690,Magdagachi,RU,2021-10-01 01:15:53,53.45,125.8,35.24,74,100,6.33,overcast clouds
691,Kasulu,TZ,2021-10-01 01:15:54,-4.5767,30.1025,72.05,57,100,0.85,overcast clouds
692,Ntungamo,UG,2021-10-01 01:15:54,-0.8833,29.65,63.99,91,100,2.73,overcast clouds
693,Buenavista,PH,2021-10-01 01:15:55,8.9769,125.4089,85.26,68,100,1.5,overcast clouds
694,Makubetsu,JP,2021-10-01 01:15:55,45.3714,141.8211,65.91,77,40,6.91,scattered clouds
695,Santa Cecilia,BR,2021-10-01 01:15:56,-26.9608,-50.4269,54.27,96,100,4.7,light rain
696,Oshakati,NA,2021-10-01 01:15:56,-17.7833,15.6833,66.22,25,0,11.52,clear sky
697,Amberley,US,2021-10-01 01:15:57,39.2048,-84.428,67.53,78,1,1.99,clear sky
698,Yaan,NG,2021-10-01 01:15:57,7.3833,8.5667,72.32,96,100,5.23,moderate rain
699,Riyadh,SA,2021-10-01 01:15:57,24.6877,46.7219,73.54,13,2,1.83,clear sky
700,San Ignacio,BZ,2021-10-01 01:15:58,17.1561,-89.0714,78.94,89,0,4.61,clear sky
701,Kampene,CD,2021-10-01 01:15:58,-3.6,26.6667,68.34,99,100,1.59,light rain
702,Saltillo,MX,2021-10-01 01:15:59,25.4167,-101.0,74.62,41,40,13.8,scattered clouds
703,Sincai,RO,2021-10-01 01:15:59,46.65,24.3833,52.99,100,100,2.26,overcast clouds
